{
   "500px": "0099e5",
   "about-me": "00a98f",
   "adidas": "000000",
   "adobe": "ff0000",
   "adyen": "0abf53",
   "adzuna": "279b37",
   "aer-lingus": "008374",
   "aetna": "d20962",
   "aiesec": "037ef3",
   "aim": "ffd900",
   "airbnb": "fd5c63",
   "airbus": "74d2e7",
   "akamai": "0099cc",
   "alcon": "0079c1",
   "algolia": "050f2c",
   "alibaba": "ff6a00",
   "alienware": "0c3866",
   "alphabet": "ed1c24",
   "amazon": "ff9900",
   "american-express": "002663",
   "american-red-cross": "ed1b2e",
   "amp": "1c79c0",
   "android": "a4c639",
   "angies-list": "7fbb00",
   "angularjs": "b52e31",
   "answers": "136ad5",
   "aol": "ff0b00",
   "aparat": "ea1d5d",
   "arch-linux": "1793d1",
   "arizona-state-university-asu": "990033",
   "arriva": "004d73",
   "arriva-danmark": "004d73",
   "ars-technica": "ff4e00",
   "asana": "3be8b0",
   "askfm": "db3552",
   "associated-press": "ff322e",
   "att": "00a8e0",
   "atlanta-falcons": "000000",
   "atlantic-coast-conference-acc": "013ca6",
   "atlassian": "003366",
   "atos": "0066a1",
   "auth0": "16214d",
   "avast": "ff7800",
   "avira": "d40000",
   "baidu": "de0f17",
   "bandcamp": "629aa9",
   "barclays": "00aeef",
   "barnes-noble": "2a5934",
   "basecamp": "b3dcff",
   "beats-by-dre": "e01f3d",
   "bebo": "e04646",
   "behance": "1769ff",
   "best-buy": "003b64",
   "big-cartel": "a0ac48",
   "bing": "ffb900",
   "bitbucket": "205081",
   "bitly": "ee6123",
   "blackberry": "005387",
   "blockchain": "123962",
   "blogger": "f57d00",
   "boeing": "0033a1",
   "boise-state-university": "09347a",
   "bombardier": "8996a0",
   "booking-com": "003580",
   "bower": "ffcc2f",
   "box": "0061d5",
   "boy-scouts-of-america": "ce1126",
   "british-airways": "075aaa",
   "brt": "c90f23",
   "bt": "d52685",
   "buffer": "168eea",
   "bulma": "00d1b2",
   "burger-king": "ec1c24",
   "buzzfeed": "ee3322",
   "bynder": "00aaff",
   "cadbury": "472f92",
   "canon": "bc0024",
   "capital-one": "004977",
   "carbonmade": "613854",
   "carrefour": "00387b",
   "carrot": "388ed1",
   "cartoon-network": "00aeef",
   "case-mate": "84754e",
   "change-org": "ec2c22",
   "channel-4": "2e1f54",
   "charity-water": "ffc907",
   "cheddar": "ff7243",
   "clas-ohlson": "60afdc",
   "clemson-university": "f66733",
   "cloob": "213e97",
   "cloudflare": "f38020",
   "cnn": "cc0000",
   "coca-cola": "ed1c16",
   "code-school": "616f67",
   "codecademy": "f65a5b",
   "codepen": "0ebeff",
   "connexxion": "d2ea32",
   "constant-contact": "439fd3",
   "continental-ag": "ffa500",
   "courtyard": "689550",
   "craft-cms": "da5a47",
   "creative-commons": "b62b6e",
   "creative-market": "8ba753",
   "crowdin": "30660f",
   "crowne-plaza": "830051",
   "crunchbase": "2292a7",
   "culvers": "005696",
   "cunard": "1d1d1b",
   "cvs": "cc0000",
   "dailymotion": "00aaff",
   "daimler": "263f6a",
   "datadog": "774aa4",
   "dealhack": "095280",
   "debian": "a80030",
   "deezer": "ff0000",
   "delectable": "334858",
   "delicious": "3399ff",
   "deliveroo": "00c1b2",
   "dell": "0085c3",
   "delta-airlines": "c8102e",
   "dental-plans": "f99104",
   "designer-news": "2d72d9",
   "designmoo": "e64b50",
   "deutsche-bahn": "ff0000",
   "deviantart": "05cc47",
   "devour": "ff0000",
   "dewalt": "febd17",
   "dhl": "ba0c2f",
   "diebold": "007dc3",
   "digg": "005be2",
   "digital-ocean": "008bcf",
   "dindr": "fdb94e",
   "direct-energy": "f05d21",
   "directv": "00a6d6",
   "discogs": "000000",
   "discord": "7289da",
   "dish-network": "ec1944",
   "disney-xd": "0af167",
   "disqus": "2e9fff",
   "django": "092e20",
   "docker": "0db7ed",
   "dominos": "0b648f",
   "dow": "e80033",
   "dribbble": "444444",
   "dropbox": "007ee5",
   "droplr": "5654a4",
   "drupal": "0077c0",
   "duke-university": "001a57",
   "dunked": "2da9d7",
   "duolingo": "7ac70c",
   "dwolla": "ff7404",
   "etrade": "6633cc",
   "e4": "6d1d7c",
   "easy-jet": "ff6600",
   "ebay": "e53238",
   "el-al": "131137",
   "elance": "0d69af",
   "ello": "000000",
   "ember": "f23819",
   "emma": "314855",
   "endomundo": "87aa14",
   "engadget": "40b3ff",
   "envato": "82b541",
   "epam": "39c2d7",
   "epictions": "ff2052",
   "ericsson": "002561",
   "esl": "0d9ddb",
   "espn": "ff0033",
   "estimote": "6a9c84",
   "etsy": "d5641c",
   "evaneos": "33cc99",
   "eventbrite": "ff8000",
   "evernote": "2dbe60",
   "execucar": "203143",
   "eztalks": "00a0e9",
   "fab-com": "dd0017",
   "facebook": "3b5998",
   "fairfield-inn-suites": "6caddf",
   "fairmont": "a6a685",
   "famo-us": "fa5c4f",
   "fancy": "3098dc",
   "fedex": "4d148c",
   "feedly": "2bb24c",
   "fendi": "f9b949",
   "ferrari": "e32119",
   "fiat": "96172e",
   "film4": "000000",
   "firefox": "e66000",
   "fiskars": "ff8e00",
   "fitbit": "4cc2c4",
   "five-guys": "ed174f",
   "fiverr": "00b22d",
   "fivethirtyeight": "ed713a",
   "flattr": "f67c1a",
   "flavors-me": "f10087",
   "flickr": "0063dc",
   "flipboard": "e12828",
   "flixster": "2971b2",
   "fluid-ui": "3fa9f5",
   "follr": "4dc9f6",
   "fontawesome": "228ae6",
   "ford": "1c396d",
   "4ormat": "ee3440",
   "forrst": "5b9a68",
   "foursquare": "f94877",
   "freecodecamp": "006400",
   "friend2friend": "0f99d6",
   "gallaudet-university": "00457c",
   "gannett": "009bff",
   "garmin": "007cc3",
   "garuda": "484848",
   "generatepress": "1b212b",
   "geocaching": "4a742c",
   "georgia-southern-university": "041e42",
   "ghost": "212425",
   "gibson": "000000",
   "gimmebar": "d6156c",
   "github": "4078c0",
   "gitlab": "fca326",
   "gitter": "46bc99",
   "gittip": "663300",
   "godaddy": "7db701",
   "gogo": "e80029",
   "goodreads": "553b08",
   "google": "4285f4",
   "google-allo": "fbbc05",
   "google-duo": "4285f4",
   "google-plus": "dd4b39",
   "gospel-for-asia": "099d84",
   "gravatar": "1e8cbe",
   "gravit": "e30061",
   "greenhouse": "00b2a9",
   "groupon": "82b548",
   "grunt": "fba919",
   "gumtree": "72ef36",
   "gvb": "0863b5",
   "hacker-news": "ff4000",
   "hangouts": "0f9d58",
   "happn": "0087b4",
   "heineken": "008200",
   "hellowallet": "0093d0",
   "help-scout": "3197d6",
   "heroku": "c9c3e6",
   "hewlett-packard-enterprise": "00b388",
   "hi5": "fd9827",
   "highfive": "a26eea",
   "home-depot": "f96302",
   "homeaway": "2a6ebb",
   "hootsuite": "003265",
   "houzz": "7ac142",
   "hp": "0096d6",
   "hsbc": "db0011",
   "html5": "e34f26",
   "hulu": "66aa33",
   "humble-bundle": "cb272c",
   "hyatt": "6d6e71",
   "ibm": "006699",
   "icons8": "32c24d",
   "ideal": "cc0066",
   "identi-ca": "789240",
   "ifttt": "33ccff",
   "iheartradio": "c6002b",
   "ikea": "ffcc00",
   "imdb": "f5de50",
   "imgur": "85bf25",
   "indeed": "2164f4",
   "indiegogo": "eb1478",
   "instacart": "60ab59",
   "instagram": "405de6",
   "instapage": "0d1a2b",
   "instapaper": "000000",
   "intel": "0f7dc2",
   "internet-society": "0c1c2c",
   "intuit": "365ebf",
   "invision": "ff3366",
   "ios": "5fc9f8",
   "israel-railways": "1e1f56",
   "issuu": "f36d5d",
   "istock": "fe423f",
   "javascript": "f7df1e",
   "jawbone": "000000",
   "jbl": "ff6600",
   "jetpack": "669c34",
   "joomla": "f44321",
   "joyent": "ff6600",
   "jquery": "0769ad",
   "kaspersky-lab": "006c54",
   "keeeb": "00a9c0",
   "khan-academy": "9cb443",
   "kia": "c21a30",
   "kickstarter": "2bde73",
   "kik": "82bc23",
   "kippt": "d51007",
   "kitkat": "d70021",
   "kiva": "63a541",
   "kiwipay": "00b0df",
   "klm": "00a1e4",
   "knight-foundation": "000000",
   "lamborghini": "ddb321",
   "laravel": "f55247",
   "lastfm": "d51007",
   "lastpass": "d32d27",
   "lego": "f6ec35",
   "line": "00c300",
   "linkedin": "0077b5",
   "livestream": "cf202e",
   "lloyds": "d81f2a",
   "localbitcoins-com": "006fbf",
   "lomo": "eb0028",
   "london-underground": "000099",
   "lowes": "004990",
   "lumo": "576396",
   "lyft": "ff00bf",
   "magento": "f46f25",
   "mail-ru": "168de2",
   "mailchimp": "239ab9",
   "manjaro-linux": "34be5b",
   "mapbox": "3bb2d0",
   "massachusetts-institute-of-technology": "a31f34",
   "massy-group": "004a77",
   "mastercard": "cc0000",
   "mcdonalds": "bf0c0c",
   "medium": "00ab6c",
   "meetup": "e0393e",
   "meijer": "0a4d8c",
   "mercadolibre-com": "ffe600",
   "messenger": "0084ff",
   "microsoft": "f65314",
   "microsoft-band": "783bd2",
   "microsoft-office": "ea3e23",
   "microsoft-surface": "0078d7",
   "milligram": "9b4dca",
   "mixcloud": "52aad8",
   "mixpanel": "a086d3",
   "mlb": "000088",
   "mobilink": "ee1d23",
   "mojang": "db1f29",
   "mollie": "c6d6df",
   "mongodb": "589636",
   "montclair-state-university": "ce1141",
   "more4": "949483",
   "motorola": "5c92fa",
   "mozilla": "c13832",
   "musixmatch": "ff6050",
   "muut": "1fadc5",
   "myanimelist": "2e51a2",
   "myspace": "000000",
   "mysql": "00758f",
   "nanowrimo": "93dee8",
   "nasa": "fc3d21",
   "nascar": "ffd659",
   "national-geographic": "ffcc00",
   "nationwide": "0071bf",
   "nbc": "e1ac26",
   "nc-state-university": "cc0000",
   "nest": "00afd8",
   "netflix": "e50914",
   "netvibes": "39bd00",
   "new-balance": "ce2724",
   "new-york-post": "cc3333",
   "nexar": "fbb040",
   "nexmo": "0077c8",
   "nextdoor": "19975d",
   "nfl": "013369",
   "nike-football": "504847",
   "nikefuel": "4bad31",
   "ning": "75af42",
   "ninjas-in-pyjamas": "a98c66",
   "node-js": "215732",
   "nokia": "124191",
   "norsan-media": "0390d8",
   "northern-arizona-university": "003466",
   "northwestern-university": "4e2a84",
   "novartis": "765438",
   "npm": "cb3837",
   "ns": "ffc61e",
   "ns-2": "003082",
   "nvidia": "76b900",
   "nzxt": "51007a",
   "obb": "e2002a",
   "odnoklassniki": "ed812b",
   "office-sway": "008272",
   "oktopost": "001f2d",
   "olark": "8d989a",
   "olympus": "08107b",
   "oneplus": "eb0029",
   "onshape": "1b5faa",
   "oovoo": "eeaf00",
   "opera": "cc0f16",
   "oracle": "ff0000",
   "oregon-state-university": "dc4405",
   "overstock": "c7202c",
   "oxford-university-press": "002147",
   "pac-12": "004b91",
   "panasonic": "0f58a8",
   "pandora": "005483",
   "path": "ee3423",
   "patreon": "f96854",
   "paymill": "f05000",
   "paymo": "22d0b8",
   "paypal": "003087",
   "pearson": "ed6b06",
   "penguin-books": "ff6900",
   "peopleperhour-com": "ee7200",
   "pepsi": "e32934",
   "periscope": "3aa4c6",
   "pfizer": "0093d0",
   "philips": "0e5fd8",
   "photobucket": "0ea0db",
   "php": "8892be",
   "pikabu": "5dbe57",
   "pinboard": "0000e6",
   "pinterest": "bd081c",
   "pizza-hut": "ee3124",
   "plasso": "6585ed",
   "plaxo": "414f5a",
   "playstation": "003087",
   "plex": "e5a00d",
   "pocket": "ef4056",
   "poczta-polska": "d52b1e",
   "polariod": "00a3e2",
   "portfolium": "0099ff",
   "postman": "ef5b25",
   "postmates": "000000",
   "prestashop": "df0067",
   "prezi": "318bff",
   "priceline": "1885bf",
   "princeton-university": "ee7f2d",
   "product-hunt": "da552f",
   "protonmail": "505264",
   "puma": "000000",
   "purdue-university": "c28e0e",
   "python": "ffde57",
   "qantas-airlines": "e0001b",
   "qualtrics": "e10019",
   "quizup": "ff5454",
   "quora": "a82400",
   "quote-fm": "66ceff",
   "raspberry-pi": "c7053d",
   "razer": "00ff00",
   "rdio": "007dc3",
   "remax": "e11b22",
   "react": "00d8ff",
   "readability": "990000",
   "realex-payments": "f29023",
   "red-hat": "cc0000",
   "reddit": "ff4500",
   "redfin": "a02021",
   "redox": "0a2239",
   "renaissance-hotels": "000000",
   "rentler": "ed1c27",
   "residence-inn": "b32317",
   "reverbnation": "e43526",
   "rochester-institute-of-technology": "f36e21",
   "rockpack": "0ba6ab",
   "roku": "6f1ab1",
   "rolls-royce": "680021",
   "roo-kids": "e22027",
   "roon": "62b0d9",
   "rosetta-stone": "0098db",
   "rounds": "fdd800",
   "rowan-university": "3f1a0a",
   "royal-mail": "ff0000",
   "rss-2": "f26522",
   "ruby": "cc342d",
   "ruby-on-rails": "cc0000",
   "rutgers-university": "cc0033",
   "ryanair": "073590",
   "sabre": "e50000",
   "sage": "00dc06",
   "sainsburys": "ec8a00",
   "salesforce": "1798c1",
   "samsung": "1428a0",
   "san-francisco-49ers": "e91e22",
   "san-francisco-giants": "fd5a1e",
   "sap": "003366",
   "scouts-uk": "4d2177",
   "scribd": "1a7bba",
   "septa": "1f4fa3",
   "seton-hall-university": "004488",
   "shazam": "0088ff",
   "sherwin-williams": "0168b3",
   "shopify": "96bf48",
   "shopmium": "f01f74",
   "siemens": "009999",
   "skillshare": "f26b21",
   "skoda": "00800d",
   "skype": "00aff0",
   "skywest": "00338d",
   "slack": "6ecadc",
   "slideshare": "0077b5",
   "slipcase": "7c9cb0",
   "smashing-magazine": "e53b2c",
   "snagajob": "f36f21",
   "snapchat": "fffc00",
   "soapui": "6cb33f",
   "socialbro": "29c4d0",
   "softonic": "008ace",
   "songkick": "f80046",
   "sonicbids": "ff6600",
   "sony": "000000",
   "soulcycle": "fedf00",
   "soundcloud": "ff8800",
   "spoken": "fc00c1",
   "spotify": "1db954",
   "sprint": "ffe100",
   "sprout-social": "75dd66",
   "square-cash": "28c101",
   "squarespace": "222222",
   "stack-exchange": "1e5397",
   "stackoverflow": "f48024",
   "staples": "cc0000",
   "starbucks": "00704a",
   "state-farm": "e1261c",
   "status-chart": "d7584f",
   "steam": "00adee",
   "sterling-hotels": "3b5a6f",
   "stockton-university": "000000",
   "storyful": "f97200",
   "strava": "fc4c02",
   "streamable": "0f90fa",
   "stripe": "00afe1",
   "stubhub": "004b91",
   "studyblue": "00afe1",
   "stumbleupon": "eb4924",
   "subway": "489e3b",
   "sugarcrm": "e61718",
   "suntrust": "00447c",
   "supershuttle": "4285f4",
   "swarm": "f06d1f",
   "t-mobile": "e20074",
   "tagstr": "e74635",
   "taiga": "444444",
   "target": "cc0000",
   "technorati": "339900",
   "ted": "e62b1e",
   "telegram": "0088cc",
   "tvtag": "e92c4c",
   "temple": "a41e35",
   "tesco": "ee1c2e",
   "tesla": "cc0000",
   "texas-am-university": "500000",
   "texas-tech-university": "cc0000",
   "the-audience-awards": "ee8421",
   "the-college-of-new-jersey": "293f6f",
   "the-next-web": "ff3c1f",
   "the-ritz-carlton": "006b95",
   "the-sun": "ed1c24",
   "the-sun-goals": "00745e",
   "the-sun-perks": "8560a8",
   "the-times": "000000",
   "thomson-reuters": "ff8000",
   "tivo": "da3d34",
   "totaljobs": "66bd00",
   "treehouse": "6fbc6d",
   "trello": "0079bf",
   "tripadvisor": "00af87",
   "trulia": "5eab1f",
   "trustpilot": "e12729",
   "tumblr": "35465c",
   "tunngle": "c30f24",
   "turbotax": "355ebe",
   "twentythree": "1ec95b",
   "twitch-tv": "6441a5",
   "twitter": "1da1f2",
   "typekit": "98ce1e",
   "typepad": "d2de61",
   "typo3": "ff8700",
   "uber": "09091a",
   "ubuntu": "dd4814",
   "uc-berkeley": "003262",
   "ucsf": "052049",
   "united-way": "10167f",
   "unity": "222c37",
   "universitat-hamburg": "e2001a",
   "university-at-albany": "46166b",
   "university-at-buffalo": "005bbb",
   "university-of-alberta": "007c41",
   "university-of-arizona": "cc0033",
   "university-of-cambridge": "d6083b",
   "university-of-cincinnati": "e00122",
   "university-of-dayton": "ce1141",
   "university-of-florida": "fa4616",
   "university-of-illinois-urbana-champaign": "131f33",
   "university-of-kentucky": "005daa",
   "university-of-michigan": "00274c",
   "university-of-north-carolina": "4b9cd3",
   "university-of-oregon": "154733",
   "university-of-rochester": "ffd100",
   "university-of-texas": "bf5700",
   "university-of-victoria": "005493",
   "university-of-washington": "4b2e83",
   "university-of-waterloo": "ffd54f",
   "university-of-wisconsin-milwaukee": "ffbd00",
   "univision": "c822b0",
   "ups": "351c15",
   "usps": "333366",
   "ustream": "3388ff",
   "verizon": "ff0000",
   "viadeo": "f07355",
   "viber": "59267c",
   "vidme": "f82a53",
   "viki": "3c9cd7",
   "vimeo": "162221",
   "vine": "00b488",
   "virb": "1e91d0",
   "virgin-media": "c3092d",
   "virgin-money": "cc0000",
   "visa": "1a1f71",
   "visualcv": "31577a",
   "visually": "14acf2",
   "vkontakte": "45668e",
   "vodafone": "e60000",
   "volvo": "003057",
   "vue-js": "42b883",
   "wake-forest-university": "9e7e38",
   "walgreens": "e31837",
   "walmart": "007dc6",
   "warby-parker": "414b56",
   "wave-apps": "1c2d37",
   "webzunder": "eea642",
   "wechat": "7bb32e",
   "wendys": "e2203d",
   "western-digital": "005195",
   "whatsapp": "075e54",
   "whatsbroadcast": "4aae20",
   "whoosnap-designer": "2fa5d6",
   "wikimedia": "339966",
   "wikipedia": "000000",
   "windows": "0078d7",
   "windows-phone": "68217a",
   "woocommerce": "96588a",
   "wooga": "5b009c",
   "wordpress": "21759b",
   "wordpress-com": "0087be",
   "world-organisation-of-the-scout-movement-wosm": "622599",
   "worldline": "0066a1",
   "wufoo": "e66760",
   "wunderlist": "2b96f1",
   "wwe": "d7182a",
   "xavier-university": "0c2340",
   "xbox": "52b043",
   "xda-developers": "f59714",
   "xing": "026466",
   "xy-gaming": "3299cc",
   "y-combinator": "ff4000",
   "yahoo": "410093",
   "yandex": "ffcc00",
   "yellow-pages": "ffd400",
   "yelp": "af0606",
   "yii-framework": "d8582b",
   "yo": "9b59b6",
   "youtube": "ff0000",
   "zapier": "ff4a00",
   "zendesk": "00363d",
   "zerply": "9dbc7a",
   "zillow": "1277e1",
   "zomato": "cb202d",
   "zopim": "ff9d3b"
}