[{"label":"ABeeZee","value":"g~ABeeZee:400,400i"},{"label":"Abel","value":"g~Abel:400"},{"label":"Abhaya Libre","value":"g~Abhaya+Libre:400,500,600,700,800"},{"label":"Abril Fatface","value":"g~Abril+Fatface:400"},{"label":"Aclonica","value":"g~Aclonica:400"},{"label":"Acme","value":"g~Acme:400"},{"label":"Actor","value":"g~Actor:400"},{"label":"Adamina","value":"g~Adamina:400"},{"label":"Advent Pro","value":"g~Advent+Pro:100,200,300,400,500,600,700"},{"label":"Aguafina Script","value":"g~Aguafina+Script:400"},{"label":"Akronim","value":"g~Akronim:400"},{"label":"Aladin","value":"g~Aladin:400"},{"label":"Alata","value":"g~Alata:400"},{"label":"Alatsi","value":"g~Alatsi:400"},{"label":"Aldrich","value":"g~Aldrich:400"},{"label":"Alef","value":"g~Alef:400,700"},{"label":"Alegreya","value":"g~Alegreya:400,400i,500,500i,700,700i,800,800i,900,900i"},{"label":"Alegreya SC","value":"g~Alegreya+SC:400,400i,500,500i,700,700i,800,800i,900,900i"},{"label":"Alegreya Sans","value":"g~Alegreya+Sans:100,100i,300,300i,400,400i,500,500i,700,700i,800,800i,900,900i"},{"label":"Alegreya Sans SC","value":"g~Alegreya+Sans+SC:100,100i,300,300i,400,400i,500,500i,700,700i,800,800i,900,900i"},{"label":"Aleo","value":"g~Aleo:300,300i,400,400i,700,700i"},{"label":"Alex Brush","value":"g~Alex+Brush:400"},{"label":"Alfa Slab One","value":"g~Alfa+Slab+One:400"},{"label":"Alice","value":"g~Alice:400"},{"label":"Alike","value":"g~Alike:400"},{"label":"Alike Angular","value":"g~Alike+Angular:400"},{"label":"Allan","value":"g~Allan:400,700"},{"label":"Allerta","value":"g~Allerta:400"},{"label":"Allerta Stencil","value":"g~Allerta+Stencil:400"},{"label":"Allura","value":"g~Allura:400"},{"label":"Almarai","value":"g~Almarai:300,400,700,800"},{"label":"Almendra","value":"g~Almendra:400,400i,700,700i"},{"label":"Almendra Display","value":"g~Almendra+Display:400"},{"label":"Almendra SC","value":"g~Almendra+SC:400"},{"label":"Amarante","value":"g~Amarante:400"},{"label":"Amaranth","value":"g~Amaranth:400,400i,700,700i"},{"label":"Amatic SC","value":"g~Amatic+SC:400,700"},{"label":"Amethysta","value":"g~Amethysta:400"},{"label":"Amiko","value":"g~Amiko:400,600,700"},{"label":"Amiri","value":"g~Amiri:400,400i,700,700i"},{"label":"Amita","value":"g~Amita:400,700"},{"label":"Anaheim","value":"g~Anaheim:400"},{"label":"Andada","value":"g~Andada:400"},{"label":"Andika","value":"g~Andika:400"},{"label":"Angkor","value":"g~Angkor:400"},{"label":"Annie Use Your Telescope","value":"g~Annie+Use+Your+Telescope:400"},{"label":"Anonymous Pro","value":"g~Anonymous+Pro:400,400i,700,700i"},{"label":"Antic","value":"g~Antic:400"},{"label":"Antic Didone","value":"g~Antic+Didone:400"},{"label":"Antic Slab","value":"g~Antic+Slab:400"},{"label":"Anton","value":"g~Anton:400"},{"label":"Arapey","value":"g~Arapey:400,400i"},{"label":"Arbutus","value":"g~Arbutus:400"},{"label":"Arbutus Slab","value":"g~Arbutus+Slab:400"},{"label":"Architects Daughter","value":"g~Architects+Daughter:400"},{"label":"Archivo","value":"g~Archivo:400,400i,500,500i,600,600i,700,700i"},{"label":"Archivo Black","value":"g~Archivo+Black:400"},{"label":"Archivo Narrow","value":"g~Archivo+Narrow:400,400i,500,500i,600,600i,700,700i"},{"label":"Aref Ruqaa","value":"g~Aref+Ruqaa:400,700"},{"label":"Arima Madurai","value":"g~Arima+Madurai:100,200,300,400,500,700,800,900"},{"label":"Arimo","value":"g~Arimo:400,400i,700,700i"},{"label":"Arizonia","value":"g~Arizonia:400"},{"label":"Armata","value":"g~Armata:400"},{"label":"Arsenal","value":"g~Arsenal:400,400i,700,700i"},{"label":"Artifika","value":"g~Artifika:400"},{"label":"Arvo","value":"g~Arvo:400,400i,700,700i"},{"label":"Arya","value":"g~Arya:400,700"},{"label":"Asap","value":"g~Asap:400,400i,500,500i,600,600i,700,700i"},{"label":"Asap Condensed","value":"g~Asap+Condensed:400,400i,500,500i,600,600i,700,700i"},{"label":"Asar","value":"g~Asar:400"},{"label":"Asset","value":"g~Asset:400"},{"label":"Assistant","value":"g~Assistant:200,300,400,600,700,800"},{"label":"Astloch","value":"g~Astloch:400,700"},{"label":"Asul","value":"g~Asul:400,700"},{"label":"Athiti","value":"g~Athiti:200,300,400,500,600,700"},{"label":"Atma","value":"g~Atma:300,400,500,600,700"},{"label":"Atomic Age","value":"g~Atomic+Age:400"},{"label":"Aubrey","value":"g~Aubrey:400"},{"label":"Audiowide","value":"g~Audiowide:400"},{"label":"Autour One","value":"g~Autour+One:400"},{"label":"Average","value":"g~Average:400"},{"label":"Average Sans","value":"g~Average+Sans:400"},{"label":"Averia Gruesa Libre","value":"g~Averia+Gruesa+Libre:400"},{"label":"Averia Libre","value":"g~Averia+Libre:300,300i,400,400i,700,700i"},{"label":"Averia Sans Libre","value":"g~Averia+Sans+Libre:300,300i,400,400i,700,700i"},{"label":"Averia Serif Libre","value":"g~Averia+Serif+Libre:300,300i,400,400i,700,700i"},{"label":"B612","value":"g~B612:400,400i,700,700i"},{"label":"B612 Mono","value":"g~B612+Mono:400,400i,700,700i"},{"label":"Bad Script","value":"g~Bad+Script:400"},{"label":"Bahiana","value":"g~Bahiana:400"},{"label":"Bahianita","value":"g~Bahianita:400"},{"label":"Bai Jamjuree","value":"g~Bai+Jamjuree:200,200i,300,300i,400,400i,500,500i,600,600i,700,700i"},{"label":"Baloo 2","value":"g~Baloo+2:400,500,600,700,800"},{"label":"Baloo Bhai 2","value":"g~Baloo+Bhai+2:400,500,600,700,800"},{"label":"Baloo Bhaina 2","value":"g~Baloo+Bhaina+2:400,500,600,700,800"},{"label":"Baloo Chettan 2","value":"g~Baloo+Chettan+2:400,500,600,700,800"},{"label":"Baloo Da 2","value":"g~Baloo+Da+2:400,500,600,700,800"},{"label":"Baloo Paaji 2","value":"g~Baloo+Paaji+2:400,500,600,700,800"},{"label":"Baloo Tamma 2","value":"g~Baloo+Tamma+2:400,500,600,700,800"},{"label":"Baloo Tammudu 2","value":"g~Baloo+Tammudu+2:400,500,600,700,800"},{"label":"Baloo Thambi 2","value":"g~Baloo+Thambi+2:400,500,600,700,800"},{"label":"Balthazar","value":"g~Balthazar:400"},{"label":"Bangers","value":"g~Bangers:400"},{"label":"Barlow","value":"g~Barlow:100,100i,200,200i,300,300i,400,400i,500,500i,600,600i,700,700i,800,800i,900,900i"},{"label":"Barlow Condensed","value":"g~Barlow+Condensed:100,100i,200,200i,300,300i,400,400i,500,500i,600,600i,700,700i,800,800i,900,900i"},{"label":"Barlow Semi Condensed","value":"g~Barlow+Semi+Condensed:100,100i,200,200i,300,300i,400,400i,500,500i,600,600i,700,700i,800,800i,900,900i"},{"label":"Barriecito","value":"g~Barriecito:400"},{"label":"Barrio","value":"g~Barrio:400"},{"label":"Basic","value":"g~Basic:400"},{"label":"Baskervville","value":"g~Baskervville:400,400i"},{"label":"Battambang","value":"g~Battambang:400,700"},{"label":"Baumans","value":"g~Baumans:400"},{"label":"Bayon","value":"g~Bayon:400"},{"label":"Be Vietnam","value":"g~Be+Vietnam:100,100i,300,300i,400,400i,500,500i,600,600i,700,700i,800,800i"},{"label":"Bebas Neue","value":"g~Bebas+Neue:400"},{"label":"Belgrano","value":"g~Belgrano:400"},{"label":"Bellefair","value":"g~Bellefair:400"},{"label":"Belleza","value":"g~Belleza:400"},{"label":"Bellota","value":"g~Bellota:300,300i,400,400i,700,700i"},{"label":"Bellota Text","value":"g~Bellota+Text:300,300i,400,400i,700,700i"},{"label":"BenchNine","value":"g~BenchNine:300,400,700"},{"label":"Bentham","value":"g~Bentham:400"},{"label":"Berkshire Swash","value":"g~Berkshire+Swash:400"},{"label":"Beth Ellen","value":"g~Beth+Ellen:400"},{"label":"Bevan","value":"g~Bevan:400"},{"label":"Big Shoulders Display","value":"g~Big+Shoulders+Display:100,300,400,500,600,700,800,900"},{"label":"Big Shoulders Text","value":"g~Big+Shoulders+Text:100,300,400,500,600,700,800,900"},{"label":"Bigelow Rules","value":"g~Bigelow+Rules:400"},{"label":"Bigshot One","value":"g~Bigshot+One:400"},{"label":"Bilbo","value":"g~Bilbo:400"},{"label":"Bilbo Swash Caps","value":"g~Bilbo+Swash+Caps:400"},{"label":"BioRhyme","value":"g~BioRhyme:200,300,400,700,800"},{"label":"BioRhyme Expanded","value":"g~BioRhyme+Expanded:200,300,400,700,800"},{"label":"Biryani","value":"g~Biryani:200,300,400,600,700,800,900"},{"label":"Bitter","value":"g~Bitter:400,400i,700"},{"label":"Black And White Picture","value":"g~Black+And+White+Picture:400"},{"label":"Black Han Sans","value":"g~Black+Han+Sans:400"},{"label":"Black Ops One","value":"g~Black+Ops+One:400"},{"label":"Blinker","value":"g~Blinker:100,200,300,400,600,700,800,900"},{"label":"Bokor","value":"g~Bokor:400"},{"label":"Bonbon","value":"g~Bonbon:400"},{"label":"Boogaloo","value":"g~Boogaloo:400"},{"label":"Bowlby One","value":"g~Bowlby+One:400"},{"label":"Bowlby One SC","value":"g~Bowlby+One+SC:400"},{"label":"Brawler","value":"g~Brawler:400"},{"label":"Bree Serif","value":"g~Bree+Serif:400"},{"label":"Bubblegum Sans","value":"g~Bubblegum+Sans:400"},{"label":"Bubbler One","value":"g~Bubbler+One:400"},{"label":"Buda","value":"g~Buda:300"},{"label":"Buenard","value":"g~Buenard:400,700"},{"label":"Bungee","value":"g~Bungee:400"},{"label":"Bungee Hairline","value":"g~Bungee+Hairline:400"},{"label":"Bungee Inline","value":"g~Bungee+Inline:400"},{"label":"Bungee Outline","value":"g~Bungee+Outline:400"},{"label":"Bungee Shade","value":"g~Bungee+Shade:400"},{"label":"Butcherman","value":"g~Butcherman:400"},{"label":"Butterfly Kids","value":"g~Butterfly+Kids:400"},{"label":"Cabin","value":"g~Cabin:400,400i,500,500i,600,600i,700,700i"},{"label":"Cabin Condensed","value":"g~Cabin+Condensed:400,500,600,700"},{"label":"Cabin Sketch","value":"g~Cabin+Sketch:400,700"},{"label":"Caesar Dressing","value":"g~Caesar+Dressing:400"},{"label":"Cagliostro","value":"g~Cagliostro:400"},{"label":"Cairo","value":"g~Cairo:200,300,400,600,700,900"},{"label":"Caladea","value":"g~Caladea:400,400i,700,700i"},{"label":"Calistoga","value":"g~Calistoga:400"},{"label":"Calligraffitti","value":"g~Calligraffitti:400"},{"label":"Cambay","value":"g~Cambay:400,400i,700,700i"},{"label":"Cambo","value":"g~Cambo:400"},{"label":"Candal","value":"g~Candal:400"},{"label":"Cantarell","value":"g~Cantarell:400,400i,700,700i"},{"label":"Cantata One","value":"g~Cantata+One:400"},{"label":"Cantora One","value":"g~Cantora+One:400"},{"label":"Capriola","value":"g~Capriola:400"},{"label":"Cardo","value":"g~Cardo:400,400i,700"},{"label":"Carme","value":"g~Carme:400"},{"label":"Carrois Gothic","value":"g~Carrois+Gothic:400"},{"label":"Carrois Gothic SC","value":"g~Carrois+Gothic+SC:400"},{"label":"Carter One","value":"g~Carter+One:400"},{"label":"Catamaran","value":"g~Catamaran:100,200,300,400,500,600,700,800,900"},{"label":"Caudex","value":"g~Caudex:400,400i,700,700i"},{"label":"Caveat","value":"g~Caveat:400,700"},{"label":"Caveat Brush","value":"g~Caveat+Brush:400"},{"label":"Cedarville Cursive","value":"g~Cedarville+Cursive:400"},{"label":"Ceviche One","value":"g~Ceviche+One:400"},{"label":"Chakra Petch","value":"g~Chakra+Petch:300,300i,400,400i,500,500i,600,600i,700,700i"},{"label":"Changa","value":"g~Changa:200,300,400,500,600,700,800"},{"label":"Changa One","value":"g~Changa+One:400,400i"},{"label":"Chango","value":"g~Chango:400"},{"label":"Charm","value":"g~Charm:400,700"},{"label":"Charmonman","value":"g~Charmonman:400,700"},{"label":"Chathura","value":"g~Chathura:100,300,400,700,800"},{"label":"Chau Philomene One","value":"g~Chau+Philomene+One:400,400i"},{"label":"Chela One","value":"g~Chela+One:400"},{"label":"Chelsea Market","value":"g~Chelsea+Market:400"},{"label":"Chenla","value":"g~Chenla:400"},{"label":"Cherry Cream Soda","value":"g~Cherry+Cream+Soda:400"},{"label":"Cherry Swash","value":"g~Cherry+Swash:400,700"},{"label":"Chewy","value":"g~Chewy:400"},{"label":"Chicle","value":"g~Chicle:400"},{"label":"Chilanka","value":"g~Chilanka:400"},{"label":"Chivo","value":"g~Chivo:300,300i,400,400i,700,700i,900,900i"},{"label":"Chonburi","value":"g~Chonburi:400"},{"label":"Cinzel","value":"g~Cinzel:400,700,900"},{"label":"Cinzel Decorative","value":"g~Cinzel+Decorative:400,700,900"},{"label":"Clicker Script","value":"g~Clicker+Script:400"},{"label":"Coda","value":"g~Coda:400,800"},{"label":"Coda Caption","value":"g~Coda+Caption:800"},{"label":"Codystar","value":"g~Codystar:300,400"},{"label":"Coiny","value":"g~Coiny:400"},{"label":"Combo","value":"g~Combo:400"},{"label":"Comfortaa","value":"g~Comfortaa:300,400,500,600,700"},{"label":"Comic Neue","value":"g~Comic+Neue:300,300i,400,400i,700,700i"},{"label":"Coming Soon","value":"g~Coming+Soon:400"},{"label":"Concert One","value":"g~Concert+One:400"},{"label":"Condiment","value":"g~Condiment:400"},{"label":"Content","value":"g~Content:400,700"},{"label":"Contrail One","value":"g~Contrail+One:400"},{"label":"Convergence","value":"g~Convergence:400"},{"label":"Cookie","value":"g~Cookie:400"},{"label":"Copse","value":"g~Copse:400"},{"label":"Corben","value":"g~Corben:400,700"},{"label":"Cormorant","value":"g~Cormorant:300,300i,400,400i,500,500i,600,600i,700,700i"},{"label":"Cormorant Garamond","value":"g~Cormorant+Garamond:300,300i,400,400i,500,500i,600,600i,700,700i"},{"label":"Cormorant Infant","value":"g~Cormorant+Infant:300,300i,400,400i,500,500i,600,600i,700,700i"},{"label":"Cormorant SC","value":"g~Cormorant+SC:300,400,500,600,700"},{"label":"Cormorant Unicase","value":"g~Cormorant+Unicase:300,400,500,600,700"},{"label":"Cormorant Upright","value":"g~Cormorant+Upright:300,400,500,600,700"},{"label":"Courgette","value":"g~Courgette:400"},{"label":"Courier Prime","value":"g~Courier+Prime:400,400i,700,700i"},{"label":"Cousine","value":"g~Cousine:400,400i,700,700i"},{"label":"Coustard","value":"g~Coustard:400,900"},{"label":"Covered By Your Grace","value":"g~Covered+By+Your+Grace:400"},{"label":"Crafty Girls","value":"g~Crafty+Girls:400"},{"label":"Creepster","value":"g~Creepster:400"},{"label":"Crete Round","value":"g~Crete+Round:400,400i"},{"label":"Crimson Pro","value":"g~Crimson+Pro:200,300,400,500,600,700,800,900,200i,300i,400i,500i,600i,700i,800i,900i"},{"label":"Crimson Text","value":"g~Crimson+Text:400,400i,600,600i,700,700i"},{"label":"Croissant One","value":"g~Croissant+One:400"},{"label":"Crushed","value":"g~Crushed:400"},{"label":"Cuprum","value":"g~Cuprum:400,400i,700,700i"},{"label":"Cute Font","value":"g~Cute+Font:400"},{"label":"Cutive","value":"g~Cutive:400"},{"label":"Cutive Mono","value":"g~Cutive+Mono:400"},{"label":"DM Sans","value":"g~DM+Sans:400,400i,500,500i,700,700i"},{"label":"DM Serif Display","value":"g~DM+Serif+Display:400,400i"},{"label":"DM Serif Text","value":"g~DM+Serif+Text:400,400i"},{"label":"Damion","value":"g~Damion:400"},{"label":"Dancing Script","value":"g~Dancing+Script:400,500,600,700"},{"label":"Dangrek","value":"g~Dangrek:400"},{"label":"Darker Grotesque","value":"g~Darker+Grotesque:300,400,500,600,700,800,900"},{"label":"David Libre","value":"g~David+Libre:400,500,700"},{"label":"Dawning of a New Day","value":"g~Dawning+of+a+New+Day:400"},{"label":"Days One","value":"g~Days+One:400"},{"label":"Dekko","value":"g~Dekko:400"},{"label":"Delius","value":"g~Delius:400"},{"label":"Delius Swash Caps","value":"g~Delius+Swash+Caps:400"},{"label":"Delius Unicase","value":"g~Delius+Unicase:400,700"},{"label":"Della Respira","value":"g~Della+Respira:400"},{"label":"Denk One","value":"g~Denk+One:400"},{"label":"Devonshire","value":"g~Devonshire:400"},{"label":"Dhurjati","value":"g~Dhurjati:400"},{"label":"Didact Gothic","value":"g~Didact+Gothic:400"},{"label":"Diplomata","value":"g~Diplomata:400"},{"label":"Diplomata SC","value":"g~Diplomata+SC:400"},{"label":"Do Hyeon","value":"g~Do+Hyeon:400"},{"label":"Dokdo","value":"g~Dokdo:400"},{"label":"Domine","value":"g~Domine:400,700"},{"label":"Donegal One","value":"g~Donegal+One:400"},{"label":"Doppio One","value":"g~Doppio+One:400"},{"label":"Dorsa","value":"g~Dorsa:400"},{"label":"Dosis","value":"g~Dosis:200,300,400,500,600,700,800"},{"label":"Dr Sugiyama","value":"g~Dr+Sugiyama:400"},{"label":"Duru Sans","value":"g~Duru+Sans:400"},{"label":"Dynalight","value":"g~Dynalight:400"},{"label":"EB Garamond","value":"g~EB+Garamond:400,500,600,700,800,400i,500i,600i,700i,800i"},{"label":"Eagle Lake","value":"g~Eagle+Lake:400"},{"label":"East Sea Dokdo","value":"g~East+Sea+Dokdo:400"},{"label":"Eater","value":"g~Eater:400"},{"label":"Economica","value":"g~Economica:400,400i,700,700i"},{"label":"Eczar","value":"g~Eczar:400,500,600,700,800"},{"label":"El Messiri","value":"g~El+Messiri:400,500,600,700"},{"label":"Electrolize","value":"g~Electrolize:400"},{"label":"Elsie","value":"g~Elsie:400,900"},{"label":"Elsie Swash Caps","value":"g~Elsie+Swash+Caps:400,900"},{"label":"Emblema One","value":"g~Emblema+One:400"},{"label":"Emilys Candy","value":"g~Emilys+Candy:400"},{"label":"Encode Sans","value":"g~Encode+Sans:100,200,300,400,500,600,700,800,900"},{"label":"Encode Sans Condensed","value":"g~Encode+Sans+Condensed:100,200,300,400,500,600,700,800,900"},{"label":"Encode Sans Expanded","value":"g~Encode+Sans+Expanded:100,200,300,400,500,600,700,800,900"},{"label":"Encode Sans Semi Condensed","value":"g~Encode+Sans+Semi+Condensed:100,200,300,400,500,600,700,800,900"},{"label":"Encode Sans Semi Expanded","value":"g~Encode+Sans+Semi+Expanded:100,200,300,400,500,600,700,800,900"},{"label":"Engagement","value":"g~Engagement:400"},{"label":"Englebert","value":"g~Englebert:400"},{"label":"Enriqueta","value":"g~Enriqueta:400,500,600,700"},{"label":"Erica One","value":"g~Erica+One:400"},{"label":"Esteban","value":"g~Esteban:400"},{"label":"Euphoria Script","value":"g~Euphoria+Script:400"},{"label":"Ewert","value":"g~Ewert:400"},{"label":"Exo","value":"g~Exo:100,100i,200,200i,300,300i,400,400i,500,500i,600,600i,700,700i,800,800i,900,900i"},{"label":"Exo 2","value":"g~Exo+2:100,200,300,400,500,600,700,800,900,100i,200i,300i,400i,500i,600i,700i,800i,900i"},{"label":"Expletus Sans","value":"g~Expletus+Sans:400,400i,500,500i,600,600i,700,700i"},{"label":"Fahkwang","value":"g~Fahkwang:200,200i,300,300i,400,400i,500,500i,600,600i,700,700i"},{"label":"Fanwood Text","value":"g~Fanwood+Text:400,400i"},{"label":"Farro","value":"g~Farro:300,400,500,700"},{"label":"Farsan","value":"g~Farsan:400"},{"label":"Fascinate","value":"g~Fascinate:400"},{"label":"Fascinate Inline","value":"g~Fascinate+Inline:400"},{"label":"Faster One","value":"g~Faster+One:400"},{"label":"Fasthand","value":"g~Fasthand:400"},{"label":"Fauna One","value":"g~Fauna+One:400"},{"label":"Faustina","value":"g~Faustina:400,500,600,700,400i,500i,600i,700i"},{"label":"Federant","value":"g~Federant:400"},{"label":"Federo","value":"g~Federo:400"},{"label":"Felipa","value":"g~Felipa:400"},{"label":"Fenix","value":"g~Fenix:400"},{"label":"Finger Paint","value":"g~Finger+Paint:400"},{"label":"Fira Code","value":"g~Fira+Code:300,400,500,600,700"},{"label":"Fira Mono","value":"g~Fira+Mono:400,500,700"},{"label":"Fira Sans","value":"g~Fira+Sans:100,100i,200,200i,300,300i,400,400i,500,500i,600,600i,700,700i,800,800i,900,900i"},{"label":"Fira Sans Condensed","value":"g~Fira+Sans+Condensed:100,100i,200,200i,300,300i,400,400i,500,500i,600,600i,700,700i,800,800i,900,900i"},{"label":"Fira Sans Extra Condensed","value":"g~Fira+Sans+Extra+Condensed:100,100i,200,200i,300,300i,400,400i,500,500i,600,600i,700,700i,800,800i,900,900i"},{"label":"Fjalla One","value":"g~Fjalla+One:400"},{"label":"Fjord One","value":"g~Fjord+One:400"},{"label":"Flamenco","value":"g~Flamenco:300,400"},{"label":"Flavors","value":"g~Flavors:400"},{"label":"Fondamento","value":"g~Fondamento:400,400i"},{"label":"Fontdiner Swanky","value":"g~Fontdiner+Swanky:400"},{"label":"Forum","value":"g~Forum:400"},{"label":"Francois One","value":"g~Francois+One:400"},{"label":"Frank Ruhl Libre","value":"g~Frank+Ruhl+Libre:300,400,500,700,900"},{"label":"Freckle Face","value":"g~Freckle+Face:400"},{"label":"Fredericka the Great","value":"g~Fredericka+the+Great:400"},{"label":"Fredoka One","value":"g~Fredoka+One:400"},{"label":"Freehand","value":"g~Freehand:400"},{"label":"Fresca","value":"g~Fresca:400"},{"label":"Frijole","value":"g~Frijole:400"},{"label":"Fruktur","value":"g~Fruktur:400"},{"label":"Fugaz One","value":"g~Fugaz+One:400"},{"label":"GFS Didot","value":"g~GFS+Didot:400"},{"label":"GFS Neohellenic","value":"g~GFS+Neohellenic:400,400i,700,700i"},{"label":"Gabriela","value":"g~Gabriela:400"},{"label":"Gaegu","value":"g~Gaegu:300,400,700"},{"label":"Gafata","value":"g~Gafata:400"},{"label":"Galada","value":"g~Galada:400"},{"label":"Galdeano","value":"g~Galdeano:400"},{"label":"Galindo","value":"g~Galindo:400"},{"label":"Gamja Flower","value":"g~Gamja+Flower:400"},{"label":"Gayathri","value":"g~Gayathri:100,400,700"},{"label":"Gelasio","value":"g~Gelasio:400,400i,500,500i,600,600i,700,700i"},{"label":"Gentium Basic","value":"g~Gentium+Basic:400,400i,700,700i"},{"label":"Gentium Book Basic","value":"g~Gentium+Book+Basic:400,400i,700,700i"},{"label":"Geo","value":"g~Geo:400,400i"},{"label":"Geostar","value":"g~Geostar:400"},{"label":"Geostar Fill","value":"g~Geostar+Fill:400"},{"label":"Germania One","value":"g~Germania+One:400"},{"label":"Gidugu","value":"g~Gidugu:400"},{"label":"Gilda Display","value":"g~Gilda+Display:400"},{"label":"Girassol","value":"g~Girassol:400"},{"label":"Give You Glory","value":"g~Give+You+Glory:400"},{"label":"Glass Antiqua","value":"g~Glass+Antiqua:400"},{"label":"Glegoo","value":"g~Glegoo:400,700"},{"label":"Gloria Hallelujah","value":"g~Gloria+Hallelujah:400"},{"label":"Goblin One","value":"g~Goblin+One:400"},{"label":"Gochi Hand","value":"g~Gochi+Hand:400"},{"label":"Gorditas","value":"g~Gorditas:400,700"},{"label":"Gothic A1","value":"g~Gothic+A1:100,200,300,400,500,600,700,800,900"},{"label":"Gotu","value":"g~Gotu:400"},{"label":"Goudy Bookletter 1911","value":"g~Goudy+Bookletter+1911:400"},{"label":"Graduate","value":"g~Graduate:400"},{"label":"Grand Hotel","value":"g~Grand+Hotel:400"},{"label":"Gravitas One","value":"g~Gravitas+One:400"},{"label":"Great Vibes","value":"g~Great+Vibes:400"},{"label":"Grenze","value":"g~Grenze:100,100i,200,200i,300,300i,400,400i,500,500i,600,600i,700,700i,800,800i,900,900i"},{"label":"Griffy","value":"g~Griffy:400"},{"label":"Gruppo","value":"g~Gruppo:400"},{"label":"Gudea","value":"g~Gudea:400,400i,700"},{"label":"Gugi","value":"g~Gugi:400"},{"label":"Gupter","value":"g~Gupter:400,500,700"},{"label":"Gurajada","value":"g~Gurajada:400"},{"label":"Habibi","value":"g~Habibi:400"},{"label":"Halant","value":"g~Halant:300,400,500,600,700"},{"label":"Hammersmith One","value":"g~Hammersmith+One:400"},{"label":"Hanalei","value":"g~Hanalei:400"},{"label":"Hanalei Fill","value":"g~Hanalei+Fill:400"},{"label":"Handlee","value":"g~Handlee:400"},{"label":"Hanuman","value":"g~Hanuman:400,700"},{"label":"Happy Monkey","value":"g~Happy+Monkey:400"},{"label":"Harmattan","value":"g~Harmattan:400"},{"label":"Headland One","value":"g~Headland+One:400"},{"label":"Heebo","value":"g~Heebo:100,300,400,500,700,800,900"},{"label":"Henny Penny","value":"g~Henny+Penny:400"},{"label":"Hepta Slab","value":"g~Hepta+Slab:100,200,300,400,500,600,700,800,900"},{"label":"Herr Von Muellerhoff","value":"g~Herr+Von+Muellerhoff:400"},{"label":"Hi Melody","value":"g~Hi+Melody:400"},{"label":"Hind","value":"g~Hind:300,400,500,600,700"},{"label":"Hind Guntur","value":"g~Hind+Guntur:300,400,500,600,700"},{"label":"Hind Madurai","value":"g~Hind+Madurai:300,400,500,600,700"},{"label":"Hind Siliguri","value":"g~Hind+Siliguri:300,400,500,600,700"},{"label":"Hind Vadodara","value":"g~Hind+Vadodara:300,400,500,600,700"},{"label":"Holtwood One SC","value":"g~Holtwood+One+SC:400"},{"label":"Homemade Apple","value":"g~Homemade+Apple:400"},{"label":"Homenaje","value":"g~Homenaje:400"},{"label":"IBM Plex Mono","value":"g~IBM+Plex+Mono:100,100i,200,200i,300,300i,400,400i,500,500i,600,600i,700,700i"},{"label":"IBM Plex Sans","value":"g~IBM+Plex+Sans:100,100i,200,200i,300,300i,400,400i,500,500i,600,600i,700,700i"},{"label":"IBM Plex Sans Condensed","value":"g~IBM+Plex+Sans+Condensed:100,100i,200,200i,300,300i,400,400i,500,500i,600,600i,700,700i"},{"label":"IBM Plex Serif","value":"g~IBM+Plex+Serif:100,100i,200,200i,300,300i,400,400i,500,500i,600,600i,700,700i"},{"label":"IM Fell DW Pica","value":"g~IM+Fell+DW+Pica:400,400i"},{"label":"IM Fell DW Pica SC","value":"g~IM+Fell+DW+Pica+SC:400"},{"label":"IM Fell Double Pica","value":"g~IM+Fell+Double+Pica:400,400i"},{"label":"IM Fell Double Pica SC","value":"g~IM+Fell+Double+Pica+SC:400"},{"label":"IM Fell English","value":"g~IM+Fell+English:400,400i"},{"label":"IM Fell English SC","value":"g~IM+Fell+English+SC:400"},{"label":"IM Fell French Canon","value":"g~IM+Fell+French+Canon:400,400i"},{"label":"IM Fell French Canon SC","value":"g~IM+Fell+French+Canon+SC:400"},{"label":"IM Fell Great Primer","value":"g~IM+Fell+Great+Primer:400,400i"},{"label":"IM Fell Great Primer SC","value":"g~IM+Fell+Great+Primer+SC:400"},{"label":"Ibarra Real Nova","value":"g~Ibarra+Real+Nova:400,400i,600,600i,700,700i"},{"label":"Iceberg","value":"g~Iceberg:400"},{"label":"Iceland","value":"g~Iceland:400"},{"label":"Imprima","value":"g~Imprima:400"},{"label":"Inconsolata","value":"g~Inconsolata:400,700"},{"label":"Inder","value":"g~Inder:400"},{"label":"Indie Flower","value":"g~Indie+Flower:400"},{"label":"Inika","value":"g~Inika:400,700"},{"label":"Inknut Antiqua","value":"g~Inknut+Antiqua:300,400,500,600,700,800,900"},{"label":"Inria Sans","value":"g~Inria+Sans:300,300i,400,400i,700,700i"},{"label":"Inria Serif","value":"g~Inria+Serif:300,300i,400,400i,700,700i"},{"label":"Inter","value":"g~Inter:100,200,300,400,500,600,700,800,900"},{"label":"Irish Grover","value":"g~Irish+Grover:400"},{"label":"Istok Web","value":"g~Istok+Web:400,400i,700,700i"},{"label":"Italiana","value":"g~Italiana:400"},{"label":"Italianno","value":"g~Italianno:400"},{"label":"Itim","value":"g~Itim:400"},{"label":"Jacques Francois","value":"g~Jacques+Francois:400"},{"label":"Jacques Francois Shadow","value":"g~Jacques+Francois+Shadow:400"},{"label":"Jaldi","value":"g~Jaldi:400,700"},{"label":"Jim Nightshade","value":"g~Jim+Nightshade:400"},{"label":"Jockey One","value":"g~Jockey+One:400"},{"label":"Jolly Lodger","value":"g~Jolly+Lodger:400"},{"label":"Jomhuria","value":"g~Jomhuria:400"},{"label":"Jomolhari","value":"g~Jomolhari:400"},{"label":"Josefin Sans","value":"g~Josefin+Sans:100,200,300,400,500,600,700,100i,200i,300i,400i,500i,600i,700i"},{"label":"Josefin Slab","value":"g~Josefin+Slab:100,100i,300,300i,400,400i,600,600i,700,700i"},{"label":"Joti One","value":"g~Joti+One:400"},{"label":"Jua","value":"g~Jua:400"},{"label":"Judson","value":"g~Judson:400,400i,700"},{"label":"Julee","value":"g~Julee:400"},{"label":"Julius Sans One","value":"g~Julius+Sans+One:400"},{"label":"Junge","value":"g~Junge:400"},{"label":"Jura","value":"g~Jura:300,400,500,600,700"},{"label":"Just Another Hand","value":"g~Just+Another+Hand:400"},{"label":"Just Me Again Down Here","value":"g~Just+Me+Again+Down+Here:400"},{"label":"K2D","value":"g~K2D:100,100i,200,200i,300,300i,400,400i,500,500i,600,600i,700,700i,800,800i"},{"label":"Kadwa","value":"g~Kadwa:400,700"},{"label":"Kalam","value":"g~Kalam:300,400,700"},{"label":"Kameron","value":"g~Kameron:400,700"},{"label":"Kanit","value":"g~Kanit:100,100i,200,200i,300,300i,400,400i,500,500i,600,600i,700,700i,800,800i,900,900i"},{"label":"Kantumruy","value":"g~Kantumruy:300,400,700"},{"label":"Karla","value":"g~Karla:400,400i,700,700i"},{"label":"Karma","value":"g~Karma:300,400,500,600,700"},{"label":"Katibeh","value":"g~Katibeh:400"},{"label":"Kaushan Script","value":"g~Kaushan+Script:400"},{"label":"Kavivanar","value":"g~Kavivanar:400"},{"label":"Kavoon","value":"g~Kavoon:400"},{"label":"Kdam Thmor","value":"g~Kdam+Thmor:400"},{"label":"Keania One","value":"g~Keania+One:400"},{"label":"Kelly Slab","value":"g~Kelly+Slab:400"},{"label":"Kenia","value":"g~Kenia:400"},{"label":"Khand","value":"g~Khand:300,400,500,600,700"},{"label":"Khmer","value":"g~Khmer:400"},{"label":"Khula","value":"g~Khula:300,400,600,700,800"},{"label":"Kirang Haerang","value":"g~Kirang+Haerang:400"},{"label":"Kite One","value":"g~Kite+One:400"},{"label":"Knewave","value":"g~Knewave:400"},{"label":"KoHo","value":"g~KoHo:200,200i,300,300i,400,400i,500,500i,600,600i,700,700i"},{"label":"Kodchasan","value":"g~Kodchasan:200,200i,300,300i,400,400i,500,500i,600,600i,700,700i"},{"label":"Kosugi","value":"g~Kosugi:400"},{"label":"Kosugi Maru","value":"g~Kosugi+Maru:400"},{"label":"Kotta One","value":"g~Kotta+One:400"},{"label":"Koulen","value":"g~Koulen:400"},{"label":"Kranky","value":"g~Kranky:400"},{"label":"Kreon","value":"g~Kreon:300,400,500,600,700"},{"label":"Kristi","value":"g~Kristi:400"},{"label":"Krona One","value":"g~Krona+One:400"},{"label":"Krub","value":"g~Krub:200,200i,300,300i,400,400i,500,500i,600,600i,700,700i"},{"label":"Kulim Park","value":"g~Kulim+Park:200,200i,300,300i,400,400i,600,600i,700,700i"},{"label":"Kumar One","value":"g~Kumar+One:400"},{"label":"Kumar One Outline","value":"g~Kumar+One+Outline:400"},{"label":"Kurale","value":"g~Kurale:400"},{"label":"La Belle Aurore","value":"g~La+Belle+Aurore:400"},{"label":"Lacquer","value":"g~Lacquer:400"},{"label":"Laila","value":"g~Laila:300,400,500,600,700"},{"label":"Lakki Reddy","value":"g~Lakki+Reddy:400"},{"label":"Lalezar","value":"g~Lalezar:400"},{"label":"Lancelot","value":"g~Lancelot:400"},{"label":"Lateef","value":"g~Lateef:400"},{"label":"Lato","value":"g~Lato:100,100i,300,300i,400,400i,700,700i,900,900i"},{"label":"League Script","value":"g~League+Script:400"},{"label":"Leckerli One","value":"g~Leckerli+One:400"},{"label":"Ledger","value":"g~Ledger:400"},{"label":"Lekton","value":"g~Lekton:400,400i,700"},{"label":"Lemon","value":"g~Lemon:400"},{"label":"Lemonada","value":"g~Lemonada:300,400,500,600,700"},{"label":"Lexend Deca","value":"g~Lexend+Deca:400"},{"label":"Lexend Exa","value":"g~Lexend+Exa:400"},{"label":"Lexend Giga","value":"g~Lexend+Giga:400"},{"label":"Lexend Mega","value":"g~Lexend+Mega:400"},{"label":"Lexend Peta","value":"g~Lexend+Peta:400"},{"label":"Lexend Tera","value":"g~Lexend+Tera:400"},{"label":"Lexend Zetta","value":"g~Lexend+Zetta:400"},{"label":"Libre Barcode 128","value":"g~Libre+Barcode+128:400"},{"label":"Libre Barcode 128 Text","value":"g~Libre+Barcode+128+Text:400"},{"label":"Libre Barcode 39","value":"g~Libre+Barcode+39:400"},{"label":"Libre Barcode 39 Extended","value":"g~Libre+Barcode+39+Extended:400"},{"label":"Libre Barcode 39 Extended Text","value":"g~Libre+Barcode+39+Extended+Text:400"},{"label":"Libre Barcode 39 Text","value":"g~Libre+Barcode+39+Text:400"},{"label":"Libre Baskerville","value":"g~Libre+Baskerville:400,400i,700"},{"label":"Libre Caslon Display","value":"g~Libre+Caslon+Display:400"},{"label":"Libre Caslon Text","value":"g~Libre+Caslon+Text:400,400i,700"},{"label":"Libre Franklin","value":"g~Libre+Franklin:100,100i,200,200i,300,300i,400,400i,500,500i,600,600i,700,700i,800,800i,900,900i"},{"label":"Life Savers","value":"g~Life+Savers:400,700,800"},{"label":"Lilita One","value":"g~Lilita+One:400"},{"label":"Lily Script One","value":"g~Lily+Script+One:400"},{"label":"Limelight","value":"g~Limelight:400"},{"label":"Linden Hill","value":"g~Linden+Hill:400,400i"},{"label":"Literata","value":"g~Literata:400,500,600,700,400i,500i,600i,700i"},{"label":"Liu Jian Mao Cao","value":"g~Liu+Jian+Mao+Cao:400"},{"label":"Livvic","value":"g~Livvic:100,100i,200,200i,300,300i,400,400i,500,500i,600,600i,700,700i,900,900i"},{"label":"Lobster","value":"g~Lobster:400"},{"label":"Lobster Two","value":"g~Lobster+Two:400,400i,700,700i"},{"label":"Londrina Outline","value":"g~Londrina+Outline:400"},{"label":"Londrina Shadow","value":"g~Londrina+Shadow:400"},{"label":"Londrina Sketch","value":"g~Londrina+Sketch:400"},{"label":"Londrina Solid","value":"g~Londrina+Solid:100,300,400,900"},{"label":"Long Cang","value":"g~Long+Cang:400"},{"label":"Lora","value":"g~Lora:400,500,600,700,400i,500i,600i,700i"},{"label":"Love Ya Like A Sister","value":"g~Love+Ya+Like+A+Sister:400"},{"label":"Loved by the King","value":"g~Loved+by+the+King:400"},{"label":"Lovers Quarrel","value":"g~Lovers+Quarrel:400"},{"label":"Luckiest Guy","value":"g~Luckiest+Guy:400"},{"label":"Lusitana","value":"g~Lusitana:400,700"},{"label":"Lustria","value":"g~Lustria:400"},{"label":"M PLUS 1p","value":"g~M+PLUS+1p:100,300,400,500,700,800,900"},{"label":"M PLUS Rounded 1c","value":"g~M+PLUS+Rounded+1c:100,300,400,500,700,800,900"},{"label":"Ma Shan Zheng","value":"g~Ma+Shan+Zheng:400"},{"label":"Macondo","value":"g~Macondo:400"},{"label":"Macondo Swash Caps","value":"g~Macondo+Swash+Caps:400"},{"label":"Mada","value":"g~Mada:200,300,400,500,600,700,900"},{"label":"Magra","value":"g~Magra:400,700"},{"label":"Maiden Orange","value":"g~Maiden+Orange:400"},{"label":"Maitree","value":"g~Maitree:200,300,400,500,600,700"},{"label":"Major Mono Display","value":"g~Major+Mono+Display:400"},{"label":"Mako","value":"g~Mako:400"},{"label":"Mali","value":"g~Mali:200,200i,300,300i,400,400i,500,500i,600,600i,700,700i"},{"label":"Mallanna","value":"g~Mallanna:400"},{"label":"Mandali","value":"g~Mandali:400"},{"label":"Manjari","value":"g~Manjari:100,400,700"},{"label":"Mansalva","value":"g~Mansalva:400"},{"label":"Manuale","value":"g~Manuale:400,500,600,700,400i,500i,600i,700i"},{"label":"Marcellus","value":"g~Marcellus:400"},{"label":"Marcellus SC","value":"g~Marcellus+SC:400"},{"label":"Marck Script","value":"g~Marck+Script:400"},{"label":"Margarine","value":"g~Margarine:400"},{"label":"Markazi Text","value":"g~Markazi+Text:400,500,600,700"},{"label":"Marko One","value":"g~Marko+One:400"},{"label":"Marmelad","value":"g~Marmelad:400"},{"label":"Martel","value":"g~Martel:200,300,400,600,700,800,900"},{"label":"Martel Sans","value":"g~Martel+Sans:200,300,400,600,700,800,900"},{"label":"Marvel","value":"g~Marvel:400,400i,700,700i"},{"label":"Mate","value":"g~Mate:400,400i"},{"label":"Mate SC","value":"g~Mate+SC:400"},{"label":"Maven Pro","value":"g~Maven+Pro:400,500,600,700,800,900"},{"label":"McLaren","value":"g~McLaren:400"},{"label":"Meddon","value":"g~Meddon:400"},{"label":"MedievalSharp","value":"g~MedievalSharp:400"},{"label":"Medula One","value":"g~Medula+One:400"},{"label":"Meera Inimai","value":"g~Meera+Inimai:400"},{"label":"Megrim","value":"g~Megrim:400"},{"label":"Meie Script","value":"g~Meie+Script:400"},{"label":"Merienda","value":"g~Merienda:400,700"},{"label":"Merienda One","value":"g~Merienda+One:400"},{"label":"Merriweather","value":"g~Merriweather:300,300i,400,400i,700,700i,900,900i"},{"label":"Merriweather Sans","value":"g~Merriweather+Sans:300,300i,400,400i,700,700i,800,800i"},{"label":"Metal","value":"g~Metal:400"},{"label":"Metal Mania","value":"g~Metal+Mania:400"},{"label":"Metamorphous","value":"g~Metamorphous:400"},{"label":"Metrophobic","value":"g~Metrophobic:400"},{"label":"Michroma","value":"g~Michroma:400"},{"label":"Milonga","value":"g~Milonga:400"},{"label":"Miltonian","value":"g~Miltonian:400"},{"label":"Miltonian Tattoo","value":"g~Miltonian+Tattoo:400"},{"label":"Mina","value":"g~Mina:400,700"},{"label":"Miniver","value":"g~Miniver:400"},{"label":"Miriam Libre","value":"g~Miriam+Libre:400,700"},{"label":"Mirza","value":"g~Mirza:400,500,600,700"},{"label":"Miss Fajardose","value":"g~Miss+Fajardose:400"},{"label":"Mitr","value":"g~Mitr:200,300,400,500,600,700"},{"label":"Modak","value":"g~Modak:400"},{"label":"Modern Antiqua","value":"g~Modern+Antiqua:400"},{"label":"Mogra","value":"g~Mogra:400"},{"label":"Molengo","value":"g~Molengo:400"},{"label":"Molle","value":"g~Molle:400i"},{"label":"Monda","value":"g~Monda:400,700"},{"label":"Monofett","value":"g~Monofett:400"},{"label":"Monoton","value":"g~Monoton:400"},{"label":"Monsieur La Doulaise","value":"g~Monsieur+La+Doulaise:400"},{"label":"Montaga","value":"g~Montaga:400"},{"label":"Montez","value":"g~Montez:400"},{"label":"Montserrat","value":"g~Montserrat:100,100i,200,200i,300,300i,400,400i,500,500i,600,600i,700,700i,800,800i,900,900i"},{"label":"Montserrat Alternates","value":"g~Montserrat+Alternates:100,100i,200,200i,300,300i,400,400i,500,500i,600,600i,700,700i,800,800i,900,900i"},{"label":"Montserrat Subrayada","value":"g~Montserrat+Subrayada:400,700"},{"label":"Moul","value":"g~Moul:400"},{"label":"Moulpali","value":"g~Moulpali:400"},{"label":"Mountains of Christmas","value":"g~Mountains+of+Christmas:400,700"},{"label":"Mouse Memoirs","value":"g~Mouse+Memoirs:400"},{"label":"Mr Bedfort","value":"g~Mr+Bedfort:400"},{"label":"Mr Dafoe","value":"g~Mr+Dafoe:400"},{"label":"Mr De Haviland","value":"g~Mr+De+Haviland:400"},{"label":"Mrs Saint Delafield","value":"g~Mrs+Saint+Delafield:400"},{"label":"Mrs Sheppards","value":"g~Mrs+Sheppards:400"},{"label":"Mukta","value":"g~Mukta:200,300,400,500,600,700,800"},{"label":"Mukta Mahee","value":"g~Mukta+Mahee:200,300,400,500,600,700,800"},{"label":"Mukta Malar","value":"g~Mukta+Malar:200,300,400,500,600,700,800"},{"label":"Mukta Vaani","value":"g~Mukta+Vaani:200,300,400,500,600,700,800"},{"label":"Muli","value":"g~Muli:200,300,400,500,600,700,800,900,200i,300i,400i,500i,600i,700i,800i,900i"},{"label":"Mystery Quest","value":"g~Mystery+Quest:400"},{"label":"NTR","value":"g~NTR:400"},{"label":"Nanum Brush Script","value":"g~Nanum+Brush+Script:400"},{"label":"Nanum Gothic","value":"g~Nanum+Gothic:400,700,800"},{"label":"Nanum Gothic Coding","value":"g~Nanum+Gothic+Coding:400,700"},{"label":"Nanum Myeongjo","value":"g~Nanum+Myeongjo:400,700,800"},{"label":"Nanum Pen Script","value":"g~Nanum+Pen+Script:400"},{"label":"Neucha","value":"g~Neucha:400"},{"label":"Neuton","value":"g~Neuton:200,300,400,400i,700,800"},{"label":"New Rocker","value":"g~New+Rocker:400"},{"label":"News Cycle","value":"g~News+Cycle:400,700"},{"label":"Niconne","value":"g~Niconne:400"},{"label":"Niramit","value":"g~Niramit:200,200i,300,300i,400,400i,500,500i,600,600i,700,700i"},{"label":"Nixie One","value":"g~Nixie+One:400"},{"label":"Nobile","value":"g~Nobile:400,400i,500,500i,700,700i"},{"label":"Nokora","value":"g~Nokora:400,700"},{"label":"Norican","value":"g~Norican:400"},{"label":"Nosifer","value":"g~Nosifer:400"},{"label":"Notable","value":"g~Notable:400"},{"label":"Nothing You Could Do","value":"g~Nothing+You+Could+Do:400"},{"label":"Noticia Text","value":"g~Noticia+Text:400,400i,700,700i"},{"label":"Noto Sans","value":"g~Noto+Sans:400,400i,700,700i"},{"label":"Noto Sans HK","value":"g~Noto+Sans+HK:100,300,400,500,700,900"},{"label":"Noto Sans JP","value":"g~Noto+Sans+JP:100,300,400,500,700,900"},{"label":"Noto Sans KR","value":"g~Noto+Sans+KR:100,300,400,500,700,900"},{"label":"Noto Sans SC","value":"g~Noto+Sans+SC:100,300,400,500,700,900"},{"label":"Noto Sans TC","value":"g~Noto+Sans+TC:100,300,400,500,700,900"},{"label":"Noto Serif","value":"g~Noto+Serif:400,400i,700,700i"},{"label":"Noto Serif JP","value":"g~Noto+Serif+JP:200,300,400,500,600,700,900"},{"label":"Noto Serif KR","value":"g~Noto+Serif+KR:200,300,400,500,600,700,900"},{"label":"Noto Serif SC","value":"g~Noto+Serif+SC:200,300,400,500,600,700,900"},{"label":"Noto Serif TC","value":"g~Noto+Serif+TC:200,300,400,500,600,700,900"},{"label":"Nova Cut","value":"g~Nova+Cut:400"},{"label":"Nova Flat","value":"g~Nova+Flat:400"},{"label":"Nova Mono","value":"g~Nova+Mono:400"},{"label":"Nova Oval","value":"g~Nova+Oval:400"},{"label":"Nova Round","value":"g~Nova+Round:400"},{"label":"Nova Script","value":"g~Nova+Script:400"},{"label":"Nova Slim","value":"g~Nova+Slim:400"},{"label":"Nova Square","value":"g~Nova+Square:400"},{"label":"Numans","value":"g~Numans:400"},{"label":"Nunito","value":"g~Nunito:200,200i,300,300i,400,400i,600,600i,700,700i,800,800i,900,900i"},{"label":"Nunito Sans","value":"g~Nunito+Sans:200,200i,300,300i,400,400i,600,600i,700,700i,800,800i,900,900i"},{"label":"Odibee Sans","value":"g~Odibee+Sans:400"},{"label":"Odor Mean Chey","value":"g~Odor+Mean+Chey:400"},{"label":"Offside","value":"g~Offside:400"},{"label":"Old Standard TT","value":"g~Old+Standard+TT:400,400i,700"},{"label":"Oldenburg","value":"g~Oldenburg:400"},{"label":"Oleo Script","value":"g~Oleo+Script:400,700"},{"label":"Oleo Script Swash Caps","value":"g~Oleo+Script+Swash+Caps:400,700"},{"label":"Open Sans","value":"g~Open+Sans:300,300i,400,400i,600,600i,700,700i,800,800i"},{"label":"Open Sans Condensed","value":"g~Open+Sans+Condensed:300,300i,700"},{"label":"Oranienbaum","value":"g~Oranienbaum:400"},{"label":"Orbitron","value":"g~Orbitron:400,500,600,700,800,900"},{"label":"Oregano","value":"g~Oregano:400,400i"},{"label":"Orienta","value":"g~Orienta:400"},{"label":"Original Surfer","value":"g~Original+Surfer:400"},{"label":"Oswald","value":"g~Oswald:200,300,400,500,600,700"},{"label":"Over the Rainbow","value":"g~Over+the+Rainbow:400"},{"label":"Overlock","value":"g~Overlock:400,400i,700,700i,900,900i"},{"label":"Overlock SC","value":"g~Overlock+SC:400"},{"label":"Overpass","value":"g~Overpass:100,100i,200,200i,300,300i,400,400i,600,600i,700,700i,800,800i,900,900i"},{"label":"Overpass Mono","value":"g~Overpass+Mono:300,400,600,700"},{"label":"Ovo","value":"g~Ovo:400"},{"label":"Oxanium","value":"g~Oxanium:200,300,400,500,600,700,800"},{"label":"Oxygen","value":"g~Oxygen:300,400,700"},{"label":"Oxygen Mono","value":"g~Oxygen+Mono:400"},{"label":"PT Mono","value":"g~PT+Mono:400"},{"label":"PT Sans","value":"g~PT+Sans:400,400i,700,700i"},{"label":"PT Sans Caption","value":"g~PT+Sans+Caption:400,700"},{"label":"PT Sans Narrow","value":"g~PT+Sans+Narrow:400,700"},{"label":"PT Serif","value":"g~PT+Serif:400,400i,700,700i"},{"label":"PT Serif Caption","value":"g~PT+Serif+Caption:400,400i"},{"label":"Pacifico","value":"g~Pacifico:400"},{"label":"Padauk","value":"g~Padauk:400,700"},{"label":"Palanquin","value":"g~Palanquin:100,200,300,400,500,600,700"},{"label":"Palanquin Dark","value":"g~Palanquin+Dark:400,500,600,700"},{"label":"Pangolin","value":"g~Pangolin:400"},{"label":"Paprika","value":"g~Paprika:400"},{"label":"Parisienne","value":"g~Parisienne:400"},{"label":"Passero One","value":"g~Passero+One:400"},{"label":"Passion One","value":"g~Passion+One:400,700,900"},{"label":"Pathway Gothic One","value":"g~Pathway+Gothic+One:400"},{"label":"Patrick Hand","value":"g~Patrick+Hand:400"},{"label":"Patrick Hand SC","value":"g~Patrick+Hand+SC:400"},{"label":"Pattaya","value":"g~Pattaya:400"},{"label":"Patua One","value":"g~Patua+One:400"},{"label":"Pavanam","value":"g~Pavanam:400"},{"label":"Paytone One","value":"g~Paytone+One:400"},{"label":"Peddana","value":"g~Peddana:400"},{"label":"Peralta","value":"g~Peralta:400"},{"label":"Permanent Marker","value":"g~Permanent+Marker:400"},{"label":"Petit Formal Script","value":"g~Petit+Formal+Script:400"},{"label":"Petrona","value":"g~Petrona:400"},{"label":"Philosopher","value":"g~Philosopher:400,400i,700,700i"},{"label":"Piedra","value":"g~Piedra:400"},{"label":"Pinyon Script","value":"g~Pinyon+Script:400"},{"label":"Pirata One","value":"g~Pirata+One:400"},{"label":"Plaster","value":"g~Plaster:400"},{"label":"Play","value":"g~Play:400,700"},{"label":"Playball","value":"g~Playball:400"},{"label":"Playfair Display","value":"g~Playfair+Display:400,500,600,700,800,900,400i,500i,600i,700i,800i,900i"},{"label":"Playfair Display SC","value":"g~Playfair+Display+SC:400,400i,700,700i,900,900i"},{"label":"Podkova","value":"g~Podkova:400,500,600,700,800"},{"label":"Poiret One","value":"g~Poiret+One:400"},{"label":"Poller One","value":"g~Poller+One:400"},{"label":"Poly","value":"g~Poly:400,400i"},{"label":"Pompiere","value":"g~Pompiere:400"},{"label":"Pontano Sans","value":"g~Pontano+Sans:400"},{"label":"Poor Story","value":"g~Poor+Story:400"},{"label":"Poppins","value":"g~Poppins:100,100i,200,200i,300,300i,400,400i,500,500i,600,600i,700,700i,800,800i,900,900i"},{"label":"Port Lligat Sans","value":"g~Port+Lligat+Sans:400"},{"label":"Port Lligat Slab","value":"g~Port+Lligat+Slab:400"},{"label":"Pragati Narrow","value":"g~Pragati+Narrow:400,700"},{"label":"Prata","value":"g~Prata:400"},{"label":"Preahvihear","value":"g~Preahvihear:400"},{"label":"Press Start 2P","value":"g~Press+Start+2P:400"},{"label":"Pridi","value":"g~Pridi:200,300,400,500,600,700"},{"label":"Princess Sofia","value":"g~Princess+Sofia:400"},{"label":"Prociono","value":"g~Prociono:400"},{"label":"Prompt","value":"g~Prompt:100,100i,200,200i,300,300i,400,400i,500,500i,600,600i,700,700i,800,800i,900,900i"},{"label":"Prosto One","value":"g~Prosto+One:400"},{"label":"Proza Libre","value":"g~Proza+Libre:400,400i,500,500i,600,600i,700,700i,800,800i"},{"label":"Public Sans","value":"g~Public+Sans:100,200,300,400,500,600,700,800,900,100i,200i,300i,400i,500i,600i,700i,800i,900i"},{"label":"Puritan","value":"g~Puritan:400,400i,700,700i"},{"label":"Purple Purse","value":"g~Purple+Purse:400"},{"label":"Quando","value":"g~Quando:400"},{"label":"Quantico","value":"g~Quantico:400,400i,700,700i"},{"label":"Quattrocento","value":"g~Quattrocento:400,700"},{"label":"Quattrocento Sans","value":"g~Quattrocento+Sans:400,400i,700,700i"},{"label":"Questrial","value":"g~Questrial:400"},{"label":"Quicksand","value":"g~Quicksand:300,400,500,600,700"},{"label":"Quintessential","value":"g~Quintessential:400"},{"label":"Qwigley","value":"g~Qwigley:400"},{"label":"Racing Sans One","value":"g~Racing+Sans+One:400"},{"label":"Radley","value":"g~Radley:400,400i"},{"label":"Rajdhani","value":"g~Rajdhani:300,400,500,600,700"},{"label":"Rakkas","value":"g~Rakkas:400"},{"label":"Raleway","value":"g~Raleway:100,100i,200,200i,300,300i,400,400i,500,500i,600,600i,700,700i,800,800i,900,900i"},{"label":"Raleway Dots","value":"g~Raleway+Dots:400"},{"label":"Ramabhadra","value":"g~Ramabhadra:400"},{"label":"Ramaraja","value":"g~Ramaraja:400"},{"label":"Rambla","value":"g~Rambla:400,400i,700,700i"},{"label":"Rammetto One","value":"g~Rammetto+One:400"},{"label":"Ranchers","value":"g~Ranchers:400"},{"label":"Rancho","value":"g~Rancho:400"},{"label":"Ranga","value":"g~Ranga:400,700"},{"label":"Rasa","value":"g~Rasa:300,400,500,600,700"},{"label":"Rationale","value":"g~Rationale:400"},{"label":"Ravi Prakash","value":"g~Ravi+Prakash:400"},{"label":"Red Hat Display","value":"g~Red+Hat+Display:400,400i,500,500i,700,700i,900,900i"},{"label":"Red Hat Text","value":"g~Red+Hat+Text:400,400i,500,500i,700,700i"},{"label":"Redressed","value":"g~Redressed:400"},{"label":"Reem Kufi","value":"g~Reem+Kufi:400"},{"label":"Reenie Beanie","value":"g~Reenie+Beanie:400"},{"label":"Revalia","value":"g~Revalia:400"},{"label":"Rhodium Libre","value":"g~Rhodium+Libre:400"},{"label":"Ribeye","value":"g~Ribeye:400"},{"label":"Ribeye Marrow","value":"g~Ribeye+Marrow:400"},{"label":"Righteous","value":"g~Righteous:400"},{"label":"Risque","value":"g~Risque:400"},{"label":"Roboto","value":"g~Roboto:100,100i,300,300i,400,400i,500,500i,700,700i,900,900i"},{"label":"Roboto Condensed","value":"g~Roboto+Condensed:300,300i,400,400i,700,700i"},{"label":"Roboto Mono","value":"g~Roboto+Mono:100,100i,300,300i,400,400i,500,500i,700,700i"},{"label":"Roboto Slab","value":"g~Roboto+Slab:100,200,300,400,500,600,700,800,900"},{"label":"Rochester","value":"g~Rochester:400"},{"label":"Rock Salt","value":"g~Rock+Salt:400"},{"label":"Rokkitt","value":"g~Rokkitt:100,200,300,400,500,600,700,800,900"},{"label":"Romanesco","value":"g~Romanesco:400"},{"label":"Ropa Sans","value":"g~Ropa+Sans:400,400i"},{"label":"Rosario","value":"g~Rosario:300,400,500,600,700,300i,400i,500i,600i,700i"},{"label":"Rosarivo","value":"g~Rosarivo:400,400i"},{"label":"Rouge Script","value":"g~Rouge+Script:400"},{"label":"Rozha One","value":"g~Rozha+One:400"},{"label":"Rubik","value":"g~Rubik:300,300i,400,400i,500,500i,700,700i,900,900i"},{"label":"Rubik Mono One","value":"g~Rubik+Mono+One:400"},{"label":"Ruda","value":"g~Ruda:400,500,600,700,800,900"},{"label":"Rufina","value":"g~Rufina:400,700"},{"label":"Ruge Boogie","value":"g~Ruge+Boogie:400"},{"label":"Ruluko","value":"g~Ruluko:400"},{"label":"Rum Raisin","value":"g~Rum+Raisin:400"},{"label":"Ruslan Display","value":"g~Ruslan+Display:400"},{"label":"Russo One","value":"g~Russo+One:400"},{"label":"Ruthie","value":"g~Ruthie:400"},{"label":"Rye","value":"g~Rye:400"},{"label":"Sacramento","value":"g~Sacramento:400"},{"label":"Sahitya","value":"g~Sahitya:400,700"},{"label":"Sail","value":"g~Sail:400"},{"label":"Saira","value":"g~Saira:100,200,300,400,500,600,700,800,900"},{"label":"Saira Condensed","value":"g~Saira+Condensed:100,200,300,400,500,600,700,800,900"},{"label":"Saira Extra Condensed","value":"g~Saira+Extra+Condensed:100,200,300,400,500,600,700,800,900"},{"label":"Saira Semi Condensed","value":"g~Saira+Semi+Condensed:100,200,300,400,500,600,700,800,900"},{"label":"Saira Stencil One","value":"g~Saira+Stencil+One:400"},{"label":"Salsa","value":"g~Salsa:400"},{"label":"Sanchez","value":"g~Sanchez:400,400i"},{"label":"Sancreek","value":"g~Sancreek:400"},{"label":"Sansita","value":"g~Sansita:400,400i,700,700i,800,800i,900,900i"},{"label":"Sarabun","value":"g~Sarabun:100,100i,200,200i,300,300i,400,400i,500,500i,600,600i,700,700i,800,800i"},{"label":"Sarala","value":"g~Sarala:400,700"},{"label":"Sarina","value":"g~Sarina:400"},{"label":"Sarpanch","value":"g~Sarpanch:400,500,600,700,800,900"},{"label":"Satisfy","value":"g~Satisfy:400"},{"label":"Sawarabi Gothic","value":"g~Sawarabi+Gothic:400"},{"label":"Sawarabi Mincho","value":"g~Sawarabi+Mincho:400"},{"label":"Scada","value":"g~Scada:400,400i,700,700i"},{"label":"Scheherazade","value":"g~Scheherazade:400,700"},{"label":"Schoolbell","value":"g~Schoolbell:400"},{"label":"Scope One","value":"g~Scope+One:400"},{"label":"Seaweed Script","value":"g~Seaweed+Script:400"},{"label":"Secular One","value":"g~Secular+One:400"},{"label":"Sedgwick Ave","value":"g~Sedgwick+Ave:400"},{"label":"Sedgwick Ave Display","value":"g~Sedgwick+Ave+Display:400"},{"label":"Sen","value":"g~Sen:400,700,800"},{"label":"Sevillana","value":"g~Sevillana:400"},{"label":"Seymour One","value":"g~Seymour+One:400"},{"label":"Shadows Into Light","value":"g~Shadows+Into+Light:400"},{"label":"Shadows Into Light Two","value":"g~Shadows+Into+Light+Two:400"},{"label":"Shanti","value":"g~Shanti:400"},{"label":"Share","value":"g~Share:400,400i,700,700i"},{"label":"Share Tech","value":"g~Share+Tech:400"},{"label":"Share Tech Mono","value":"g~Share+Tech+Mono:400"},{"label":"Shojumaru","value":"g~Shojumaru:400"},{"label":"Short Stack","value":"g~Short+Stack:400"},{"label":"Shrikhand","value":"g~Shrikhand:400"},{"label":"Siemreap","value":"g~Siemreap:400"},{"label":"Sigmar One","value":"g~Sigmar+One:400"},{"label":"Signika","value":"g~Signika:300,400,600,700"},{"label":"Signika Negative","value":"g~Signika+Negative:300,400,600,700"},{"label":"Simonetta","value":"g~Simonetta:400,400i,900,900i"},{"label":"Single Day","value":"g~Single+Day:400"},{"label":"Sintony","value":"g~Sintony:400,700"},{"label":"Sirin Stencil","value":"g~Sirin+Stencil:400"},{"label":"Six Caps","value":"g~Six+Caps:400"},{"label":"Skranji","value":"g~Skranji:400,700"},{"label":"Slabo 13px","value":"g~Slabo+13px:400"},{"label":"Slabo 27px","value":"g~Slabo+27px:400"},{"label":"Slackey","value":"g~Slackey:400"},{"label":"Smokum","value":"g~Smokum:400"},{"label":"Smythe","value":"g~Smythe:400"},{"label":"Sniglet","value":"g~Sniglet:400,800"},{"label":"Snippet","value":"g~Snippet:400"},{"label":"Snowburst One","value":"g~Snowburst+One:400"},{"label":"Sofadi One","value":"g~Sofadi+One:400"},{"label":"Sofia","value":"g~Sofia:400"},{"label":"Solway","value":"g~Solway:300,400,500,700,800"},{"label":"Song Myung","value":"g~Song+Myung:400"},{"label":"Sonsie One","value":"g~Sonsie+One:400"},{"label":"Sorts Mill Goudy","value":"g~Sorts+Mill+Goudy:400,400i"},{"label":"Source Code Pro","value":"g~Source+Code+Pro:200,200i,300,300i,400,400i,500,500i,600,600i,700,700i,900,900i"},{"label":"Source Sans Pro","value":"g~Source+Sans+Pro:200,200i,300,300i,400,400i,600,600i,700,700i,900,900i"},{"label":"Source Serif Pro","value":"g~Source+Serif+Pro:400,600,700"},{"label":"Space Mono","value":"g~Space+Mono:400,400i,700,700i"},{"label":"Spartan","value":"g~Spartan:100,200,300,400,500,600,700,800,900"},{"label":"Special Elite","value":"g~Special+Elite:400"},{"label":"Spectral","value":"g~Spectral:200,200i,300,300i,400,400i,500,500i,600,600i,700,700i,800,800i"},{"label":"Spectral SC","value":"g~Spectral+SC:200,200i,300,300i,400,400i,500,500i,600,600i,700,700i,800,800i"},{"label":"Spicy Rice","value":"g~Spicy+Rice:400"},{"label":"Spinnaker","value":"g~Spinnaker:400"},{"label":"Spirax","value":"g~Spirax:400"},{"label":"Squada One","value":"g~Squada+One:400"},{"label":"Sree Krushnadevaraya","value":"g~Sree+Krushnadevaraya:400"},{"label":"Sriracha","value":"g~Sriracha:400"},{"label":"Srisakdi","value":"g~Srisakdi:400,700"},{"label":"Staatliches","value":"g~Staatliches:400"},{"label":"Stalemate","value":"g~Stalemate:400"},{"label":"Stalinist One","value":"g~Stalinist+One:400"},{"label":"Stardos Stencil","value":"g~Stardos+Stencil:400,700"},{"label":"Stint Ultra Condensed","value":"g~Stint+Ultra+Condensed:400"},{"label":"Stint Ultra Expanded","value":"g~Stint+Ultra+Expanded:400"},{"label":"Stoke","value":"g~Stoke:300,400"},{"label":"Strait","value":"g~Strait:400"},{"label":"Stylish","value":"g~Stylish:400"},{"label":"Sue Ellen Francisco","value":"g~Sue+Ellen+Francisco:400"},{"label":"Suez One","value":"g~Suez+One:400"},{"label":"Sulphur Point","value":"g~Sulphur+Point:300,400,700"},{"label":"Sumana","value":"g~Sumana:400,700"},{"label":"Sunflower","value":"g~Sunflower:300,500,700"},{"label":"Sunshiney","value":"g~Sunshiney:400"},{"label":"Supermercado One","value":"g~Supermercado+One:400"},{"label":"Sura","value":"g~Sura:400,700"},{"label":"Suranna","value":"g~Suranna:400"},{"label":"Suravaram","value":"g~Suravaram:400"},{"label":"Suwannaphum","value":"g~Suwannaphum:400"},{"label":"Swanky and Moo Moo","value":"g~Swanky+and+Moo+Moo:400"},{"label":"Syncopate","value":"g~Syncopate:400,700"},{"label":"Tajawal","value":"g~Tajawal:200,300,400,500,700,800,900"},{"label":"Tangerine","value":"g~Tangerine:400,700"},{"label":"Taprom","value":"g~Taprom:400"},{"label":"Tauri","value":"g~Tauri:400"},{"label":"Taviraj","value":"g~Taviraj:100,100i,200,200i,300,300i,400,400i,500,500i,600,600i,700,700i,800,800i,900,900i"},{"label":"Teko","value":"g~Teko:300,400,500,600,700"},{"label":"Telex","value":"g~Telex:400"},{"label":"Tenali Ramakrishna","value":"g~Tenali+Ramakrishna:400"},{"label":"Tenor Sans","value":"g~Tenor+Sans:400"},{"label":"Text Me One","value":"g~Text+Me+One:400"},{"label":"Thasadith","value":"g~Thasadith:400,400i,700,700i"},{"label":"The Girl Next Door","value":"g~The+Girl+Next+Door:400"},{"label":"Tienne","value":"g~Tienne:400,700,900"},{"label":"Tillana","value":"g~Tillana:400,500,600,700,800"},{"label":"Timmana","value":"g~Timmana:400"},{"label":"Tinos","value":"g~Tinos:400,400i,700,700i"},{"label":"Titan One","value":"g~Titan+One:400"},{"label":"Titillium Web","value":"g~Titillium+Web:200,200i,300,300i,400,400i,600,600i,700,700i,900"},{"label":"Tomorrow","value":"g~Tomorrow:100,100i,200,200i,300,300i,400,400i,500,500i,600,600i,700,700i,800,800i,900,900i"},{"label":"Trade Winds","value":"g~Trade+Winds:400"},{"label":"Trirong","value":"g~Trirong:100,100i,200,200i,300,300i,400,400i,500,500i,600,600i,700,700i,800,800i,900,900i"},{"label":"Trocchi","value":"g~Trocchi:400"},{"label":"Trochut","value":"g~Trochut:400,400i,700"},{"label":"Trykker","value":"g~Trykker:400"},{"label":"Tulpen One","value":"g~Tulpen+One:400"},{"label":"Turret Road","value":"g~Turret+Road:200,300,400,500,700,800"},{"label":"Ubuntu","value":"g~Ubuntu:300,300i,400,400i,500,500i,700,700i"},{"label":"Ubuntu Condensed","value":"g~Ubuntu+Condensed:400"},{"label":"Ubuntu Mono","value":"g~Ubuntu+Mono:400,400i,700,700i"},{"label":"Ultra","value":"g~Ultra:400"},{"label":"Uncial Antiqua","value":"g~Uncial+Antiqua:400"},{"label":"Underdog","value":"g~Underdog:400"},{"label":"Unica One","value":"g~Unica+One:400"},{"label":"UnifrakturCook","value":"g~UnifrakturCook:700"},{"label":"UnifrakturMaguntia","value":"g~UnifrakturMaguntia:400"},{"label":"Unkempt","value":"g~Unkempt:400,700"},{"label":"Unlock","value":"g~Unlock:400"},{"label":"Unna","value":"g~Unna:400,400i,700,700i"},{"label":"VT323","value":"g~VT323:400"},{"label":"Vampiro One","value":"g~Vampiro+One:400"},{"label":"Varela","value":"g~Varela:400"},{"label":"Varela Round","value":"g~Varela+Round:400"},{"label":"Vast Shadow","value":"g~Vast+Shadow:400"},{"label":"Vesper Libre","value":"g~Vesper+Libre:400,500,700,900"},{"label":"Viaoda Libre","value":"g~Viaoda+Libre:400"},{"label":"Vibes","value":"g~Vibes:400"},{"label":"Vibur","value":"g~Vibur:400"},{"label":"Vidaloka","value":"g~Vidaloka:400"},{"label":"Viga","value":"g~Viga:400"},{"label":"Voces","value":"g~Voces:400"},{"label":"Volkhov","value":"g~Volkhov:400,400i,700,700i"},{"label":"Vollkorn","value":"g~Vollkorn:400,400i,600,600i,700,700i,900,900i"},{"label":"Vollkorn SC","value":"g~Vollkorn+SC:400,600,700,900"},{"label":"Voltaire","value":"g~Voltaire:400"},{"label":"Waiting for the Sunrise","value":"g~Waiting+for+the+Sunrise:400"},{"label":"Wallpoet","value":"g~Wallpoet:400"},{"label":"Walter Turncoat","value":"g~Walter+Turncoat:400"},{"label":"Warnes","value":"g~Warnes:400"},{"label":"Wellfleet","value":"g~Wellfleet:400"},{"label":"Wendy One","value":"g~Wendy+One:400"},{"label":"Wire One","value":"g~Wire+One:400"},{"label":"Work Sans","value":"g~Work+Sans:100,200,300,400,500,600,700,800,900,100i,200i,300i,400i,500i,600i,700i,800i,900i"},{"label":"Yanone Kaffeesatz","value":"g~Yanone+Kaffeesatz:200,300,400,500,600,700"},{"label":"Yantramanav","value":"g~Yantramanav:100,300,400,500,700,900"},{"label":"Yatra One","value":"g~Yatra+One:400"},{"label":"Yellowtail","value":"g~Yellowtail:400"},{"label":"Yeon Sung","value":"g~Yeon+Sung:400"},{"label":"Yeseva One","value":"g~Yeseva+One:400"},{"label":"Yesteryear","value":"g~Yesteryear:400"},{"label":"Yrsa","value":"g~Yrsa:300,400,500,600,700"},{"label":"ZCOOL KuaiLe","value":"g~ZCOOL+KuaiLe:400"},{"label":"ZCOOL QingKe HuangYou","value":"g~ZCOOL+QingKe+HuangYou:400"},{"label":"ZCOOL XiaoWei","value":"g~ZCOOL+XiaoWei:400"},{"label":"Zeyada","value":"g~Zeyada:400"},{"label":"Zhi Mang Xing","value":"g~Zhi+Mang+Xing:400"},{"label":"Zilla Slab","value":"g~Zilla+Slab:300,300i,400,400i,500,500i,600,600i,700,700i"},{"label":"Zilla Slab Highlight","value":"g~Zilla+Slab+Highlight:400,700"}]