<?xml version="1.0" encoding="UTF-8"?>
<element>
   <form>
      <fields>
         <!-- General Options -->
         <fieldset name="general" label="JDB_GENERAL_TITLE">
            <field type="group" name="layout" label="JDB_LAYOUT_TITLE"></field>

            <field type="list" name="htmlTag" label="JDB_HTML_TAG" default="" search="true" group="layout">
               <option value="">JDB_COLUMN_DEFAULT_TAG</option>
               <option value="div">JDB_DIV_TAG</option>
               <option value="header">JDB_HEADER_TAG</option>
               <option value="footer">JDB_FOOTER_TAG</option>
               <option value="main">JDB_MAIN_TAG</option>
               <option value="article">JDB_ARTICLE_TAG</option>
               <option value="section">JDB_SECTION_TAG</option>
               <option value="aside">JDB_ASIDE_TAG</option>
               <option value="nav">JDB_NAV_TAG</option>
            </field>

            <!-- Layout Options -->
            <field type="list" name="verticalContentPosition" label="JDB_CONTENT_VPOSITION" default="" group="layout">
               <option value="">JDB_INHERIT</option>
               <option value="align-content-start">JDB_JUSTIFY_CONTENT_START</option>
               <option value="align-content-center">JDB_JUSTIFY_CONTENT_CENTER</option>
               <option value="align-content-end">JDB_JUSTIFY_CONTENT_END</option>
               <option value="align-content-around">JDB_JUSTIFY_CONTENT_AROUND</option>
               <option value="align-content-between">JDB_JUSTIFY_CONTENT_BETWEEN</option>
            </field>
            <field type="list" name="horizontalContentPosition" label="JDB_CONTENT_HPOSITION" default="" group="layout">
               <option value="">JDB_INHERIT</option>
               <option value="justify-content-start">JDB_CONTENT_POSITION_DEFAULT_LEFTSTART_OPTIONS</option>
               <option value="justify-content-center">JDB_CONTENT_POSITION_DEFAULT_CENTER_OPTIONS</option>
               <option value="justify-content-end">JDB_CONTENT_POSITION_DEFAULT_RIGHTEND_OPTIONS</option>
               <option value="justify-content-around">JDB_JUSTIFY_CONTENT_AROUND</option>
               <option value="justify-content-between">JDB_JUSTIFY_CONTENT_BETWEEN</option>
            </field>
            <field type="slider" name="spaceBetweenElements" label="JDB_SPACE_BETWEEN_ELEMENTS" default="" min="-100" max="100" unit="px" group="layout" responsive="true">
            </field>
         </fieldset>
         <!--  Advanced Options -->
         <fieldset name="advanced" ordering="10" label="JDB_ADVANCED_TITLE">
            <!--  Advanced Options Groups -->
            <field type="group" name="responsive" ordering="1" label="JDB_RESPONSIVE"></field>
            <field type="spacer" label="JDB_COLUMN_SIZE" group="responsive"></field>
            <field type="list" name="columnSizeTablet" label="JDB_ON_TABLET" default="" group="responsive" width="6">
               <option value="">JDB_DEFAULT</option>
               <option value="1">JDB1</option>
               <option value="2">JDB2</option>
               <option value="3">JDB3</option>
               <option value="4">JDB4</option>
               <option value="5">JDB5</option>
               <option value="6">JDB6</option>
               <option value="7">JDB7</option>
               <option value="8">JDB8</option>
               <option value="9">JDB9</option>
               <option value="10">JDB10</option>
               <option value="11">JDB11</option>
               <option value="12">JDB12</option>
            </field>
            <field type="list" name="columnSizeMobile" label="JDB_ON_MOBILE" default="" group="responsive" width="6">
               <option value="">JDB_DEFAULT</option>
               <option value="1">JDB1</option>
               <option value="2">JDB2</option>
               <option value="3">JDB3</option>
               <option value="4">JDB4</option>
               <option value="5">JDB5</option>
               <option value="6">JDB6</option>
               <option value="7">JDB7</option>
               <option value="8">JDB8</option>
               <option value="9">JDB9</option>
               <option value="10">JDB10</option>
               <option value="11">JDB11</option>
               <option value="12">JDB12</option>
            </field>
         </fieldset>

         <!--  Advanced Options -->
         <fieldset name="advanced" ordering="10" label="JDB_ADVANCED_TITLE">
            <field type="text" name="adminLabel" label="JDB_FIELD_ADMIN_LABEL" group="info">
            </field>
         </fieldset>

      </fields>
   </form>
</element>