<?xml version="1.0" encoding="UTF-8"?>
<element>
   <form>
      <fields>
         <!-- Design Options -->
         <fieldset name="design" ordering="9" label="JDB_DESIGN_TITLE">
            <!--  Design Groups -->
            <field type="group" ordering="1" name="basic" label="JDB_BASIC_TITLE"></field>
            <field type="group" ordering="3" name="background" label="JDB_BACKGROUND"></field>
            <field type="group" ordering="4" name="backgroundOverlay" showon="params.background=='video'[OR]params.background=='image'" label="JDB_BACKGROUND_OVERLAY"></field>
            <field type="group" ordering="5" name="border" label="JDB_BORDER_LABEL"></field>
            <field type="group" ordering="6" name="spacing" label="JDB_SPACING"></field>
            <field type="group" ordering="7" name="typography" label="JDB_ELEMENT_TYPOGRAPHY_LBL"></field>
            <field type="group" ordering="11" name="code" label="JDB_CUSTOM_CSS_LABEL"></field>

            <!--  Basic Options -->
            <field type="text" name="custom_id" label="JDB_CUSTOM_ID_LABEL" group="basic" default="">
            </field>
            <field type="text" name="custom_class" label="JDB_CUSTOM_CLASS_LABEL" group="basic" default="">
            </field>
            <field type="slider" name="zIndex" label="JDB_ZINDEX_LABEL" group="basic" unit="" min="-999" max="999" step="1" default="">
            </field>

            <!--  Background Options -->
            <field type="radio" name="background" label="JDB_BLANK_LABEL" default="none" group="background" radiotype="buttons">
               <option value="none">JDB_NONE</option>
               <option value="color">JDB_COLOR</option>
               <option value="gradient">JDB_BACKGROUND_GRADIENT</option>
               <option value="image">JDB_BACKGROUND_IMAGE</option>
               <option value="video">JDB_BACKGROUND_VIDEO</option>
            </field>

            <!--  Background Color -->
            <field type="color" name="backgroundColor" label="JDB_BACKGROUND_COLOR" group="background" showon="params.background=='color'[OR]params.background=='image'" default="">
            </field>

            <!--  Background Gradient  -->
            <field type="gradient" name="backgroundGradient" label="JDB_BACKGROUND_GRADIENT_LABEL" group="background" showon="params.background=='gradient'" default="">
            </field>

            <!--  Background Image -->
            <field type="image" name="backgroundImage" label="JDB_BACKGROUND_UPLOAD_IMAGE_LABEL" group="background" showon="params.background=='image'" default="">
            </field>

            <field type="list" name="backgroundRepeat" label="JDB_BACKGROUND_REPEAT_LABEL" group="background" showon="params.background=='image'[AND]params.backgroundImage!=''" width="6" default="">
               <option value="">JDB_INHERIT</option>
               <option value="no-repeat">JDB_BACKGROUND_NO_REPEAT</option>
               <option value="repeat-x">JDB_BACKGROUND_REPEAT_X</option>
               <option value="repeat-y">JDB_BACKGROUND_REPEAT_Y</option>
               <option value="space">JDB_BACKGROUND_REPEAT_SPACE</option>
               <option value="round">JDB_BACKGROUND_REPEAT_ROUND</option>
            </field>
            <field type="list" search="false" name="backgroundSize" label="JDB_BACKGROUND_SIZE_LABEL" group="background" showon="params.background=='image'[AND]params.backgroundImage!=''" width="6" default="">
               <option value="">JDB_INHERIT</option>
               <option value="cover">JDB_BACKGROUND_SIZE_COVER</option>
               <option value="contain">JDB_BACKGROUND_SIZE_CONTAIN</option>
            </field>

            <field type="list" search="false" name="backgroundAttachment" label="JDB_BACKGROUND_ATTACHMENT" group="background" showon="params.background=='image'[AND]params.backgroundImage!=''" width="6" default="">
               <option value="">JDB_INHERIT</option>
               <option value="fixed">JDB_BACKGROUND_FIXED</option>
               <option value="scroll">JDB_BACKGROUND_SCROLL</option>
            </field>
            <field type="list" name="backgroundPosition" label="JDB_BACKGROUND_POSITION_LABEL" group="background" showon="params.background=='image'[AND]params.backgroundImage!=''" width="6" default="">
               <option value="">JDB_INHERIT</option>
               <option value="left top">JDB_BACKGROUND_POSITION_LEFT_TOP</option>
               <option value="left center">JDB_BACKGROUND_POSITION_LEFT_CENTER</option>
               <option value="left bottom">JDB_BACKGROUND_POSITION_LEFT_BOTTOM</option>
               <option value="right top">JDB_BACKGROUND_POSITION_RIGHT_TOP</option>
               <option value="right center">JDB_BACKGROUND_POSITION_RIGHT_CENTER</option>
               <option value="right bottom">JDB_BACKGROUND_POSITION_RIGHT_BOTTOM</option>
               <option value="center top">JDB_BACKGROUND_POSITION_CENTER_TOP</option>
               <option value="center center">JDB_BACKGROUND_POSITION_LABEL_CENTER_CENTER</option>
               <option value="center bottom">JDB_BACKGROUND_POSITION_CENTER_BOTTOM</option>
            </field>

            <!--  Background Video -->
            <field type="video" label="JDB_UPLOAD_VIDEO" name="backgroundVideoMedia" showon="params.background=='video'" group="background" default="">
            </field>

            <!--  Overlay Options  -->
            <field type="alert" label="warning" showon="params.background!='video'[AND]params.background!='image'" description="JDB_BACKGROUND_OVERLAY_MESSAGE" group="backgroundOverlay">
            </field>
            <field type="slider" name="backgroundOverlayOpacity" showon="params.background=='video'[OR]params.background=='image'" label="JDB_OPACITY" group="backgroundOverlay" unit="%" default="50">
            </field>
            <field type="color" name="backgroundOverlayColor" label="JDB_OVERLAY_COLOR" group="backgroundOverlay" showon="params.background=='video'[OR]params.background=='image'" default="">
            </field>
            <field type="image" name="backgroundOverlayImage" label="JDB_OVERLAY_IMAGE_LABEL" group="backgroundOverlay" showon="params.background=='video'[OR]params.background=='image'" default="">
            </field>
            <field type="list" name="backgroundOverlayRepeat" label="JDB_BACKGROUND_REPEAT_LABEL" group="backgroundOverlay" showon="(params.background=='video'[OR]params.background=='image')[AND](params.backgroundOverlayImage!='')" width="6" default="">
               <option value="">JDB_INHERIT</option>
               <option value="no-repeat">JDB_BACKGROUND_NO_REPEAT</option>
               <option value="repeat-x">JDB_BACKGROUND_REPEAT_X</option>
               <option value="repeat-y">JDB_BACKGROUND_REPEAT_Y</option>
               <option value="space">JDB_BACKGROUND_REPEAT_SPACE</option>
               <option value="round">JDB_BACKGROUND_REPEAT_ROUND</option>
            </field>
            <field type="list" search="false" name="backgroundOverlaySize" label="JDB_BACKGROUND_SIZE_LABEL" group="backgroundOverlay" showon="(params.background=='video'[OR]params.background=='image')[AND](params.backgroundOverlayImage!='')" width="6" default="">
               <option value="">JDB_INHERIT</option>
               <option value="cover">JDB_BACKGROUND_SIZE_COVER</option>
               <option value="contain">JDB_BACKGROUND_SIZE_CONTAIN</option>
               <option value="custom">JDB_CUSTOM</option>
            </field>
            <field type="slider" name="backgroundOverlayWidth" label="JDB_BACKGROUND_OVERLAY_WIDTH" default='{"value":100,"unit":"%"}' max="1600" min="0" units="px,%,vw" showon="params.backgroundOverlaySize=='custom'" group="backgroundOverlay" responsive="true">
            </field>
            <field type="list" search="false" name="backgroundOverlayAttachment" label="JDB_BACKGROUND_ATTACHMENT" group="backgroundOverlay" showon="(params.background=='video'[OR]params.background=='image')[AND](params.backgroundOverlayImage!='')" width="6" default="">
               <option value="">JDB_INHERIT</option>
               <option value="fixed">JDB_BACKGROUND_FIXED</option>
               <option value="scroll">JDB_BACKGROUND_SCROLL</option>
            </field>
            <field type="list" name="backgroundOverlayPosition" label="JDB_BACKGROUND_POSITION_LABEL" group="backgroundOverlay" showon="(params.background=='video'[OR]params.background=='image')[AND](params.backgroundOverlayImage!='')" width="6" default="">
               <option value="">JDB_INHERIT</option>
               <option value="left top">JDB_BACKGROUND_POSITION_LEFT_TOP</option>
               <option value="left center">JDB_BACKGROUND_POSITION_LEFT_CENTER</option>
               <option value="left bottom">JDB_BACKGROUND_POSITION_LEFT_BOTTOM</option>
               <option value="right top">JDB_BACKGROUND_POSITION_RIGHT_TOP</option>
               <option value="right center">JDB_BACKGROUND_POSITION_RIGHT_CENTER</option>
               <option value="right bottom">JDB_BACKGROUND_POSITION_RIGHT_BOTTOM</option>
               <option value="center top">JDB_BACKGROUND_POSITION_CENTER_TOP</option>
               <option value="center center">JDB_BACKGROUND_POSITION_LABEL_CENTER_CENTER</option>
               <option value="center bottom">JDB_BACKGROUND_POSITION_CENTER_BOTTOM</option>
               <option value="custom">JDB_CUSTOM</option>
            </field>

            <field type="slider" name="backgroundOverlayXPosition" label="JDB_BACKGROUND_OVERLAY_X_POSITION" default='{"value":0,"unit":"px"}' max="1600" min="-1600" units="px,%,vw" showon="params.backgroundOverlayPosition=='custom'" group="backgroundOverlay" responsive="true">
            </field>

            <field type="slider" name="backgroundOverlayYPosition" label="JDB_BACKGROUND_OVERLAY_Y_POSITION" default='{"value":0,"unit":"px"}' max="1600" min="-1600" units="px,%,vh" showon="params.backgroundOverlayPosition=='custom'" group="backgroundOverlay" responsive="true">
            </field>

            <!--  Border Options -->
            <field type="fieldsgroup" name="border" filename="border" group="border">
            </field>

            <!--  Spacing Options  -->
            <field type="spacing" name="margin" label="JDB_SPACING_MARGIN_LABEL" group="spacing" default='{"unit":"px","top":"","lock":1,"left":"","right":"","bottom":""}' responsive="true">
            </field>
            <field type="spacing" name="padding" min="0" label="JDB_PADDING" group="spacing" default='{"unit":"px","top":"","lock":1,"left":"","right":"","bottom":""}' responsive="true">
            </field>

            <!-- Typography Options -->
            <field type="fieldsgroup" name="typography" filename="default-typography" group="typography">
            </field>

            <!--  Custom CSS Options -->
            <field type="code-editor" name="custom_css" label="JDB_CUSTOM_CSS_LABEL" group="code" language="css" default="" responsive="true">
            </field>
         </fieldset>

         <!--  Advanced Options -->
         <fieldset name="advanced" ordering="10" label="JDB_ADVANCED_TITLE">
            <!--  Advanced Options Groups -->
            <field type="group" name="responsive" ordering="1" label="JDB_RESPONSIVE"></field>
            <field type="group" name="animation" ordering="2" label="JDB_ANIMATION_TITLE"></field>
            <field type="group" name="acl" ordering="3" label="JDB_ACL_CTRL_LABEL"></field>
            <field type="group" name="info" ordering="4" label="JDB_INFO_LABEL"></field>

            <!--  Responsive Options -->
            <field type="alert" label="warning" description="JDB_RESPONSIVE_MESSAGE" group="responsive"></field>
            <field type="switch" name="hideDesktop" label="JDB_HIDEON_DESKTOP_LABEL" default="false" group="responsive">
            </field>
            <field type="switch" name="hideTablet" label="JDB_HIDEON_TABLET_LABEL" default="false" group="responsive">
            </field>
            <field type="switch" name="hideMobile" label="JDB_HIDEON_MOBILE_LABEL" default="false" group="responsive">
            </field>

            <!-- Animations Options -->
            <field type="animations" name="animation" label="JDB_ANIMATION_LABEL" default="" group="animation">
            </field>
            <field type="list" name="animationSpeed" label="JDB_ANIMATION_SPEED_LABEL" default="" group="animation" showon="params.animation!=''">
               <option value="slower">JDB_SLOWER</option>
               <option value="slow">JDB_SLOW</option>
               <option value="">JDB_NORMAL</option>
               <option value="fast">JDB_FAST</option>
               <option value="faster">JDB_FASTER</option>
            </field>
            <field type="list" name="animationDelay" label="JDB_ANIMATION_DELAY_LABEL" default="" group="animation" showon="params.animation!=''">
               <option value="">JDB_NONE</option>
               <option value="delay-1s">JDB_1S</option>
               <option value="delay-2s">JDB_2S</option>
               <option value="delay-3s">JDB_3S</option>
               <option value="delay-4s">JDB_4S</option>
               <option value="delay-5s">JDB_5S</option>
            </field>
            <field type="switch" name="animationInfinite" label="JDB_ANIMATION_INFINITE_LABEL" default="false" group="animation" showon="params.animation!=''">
            </field>

            <!--  ACL Options -->
            <field type="accesslevel" name="access" label="JDB_ACCESS_LABEL" group="acl" default="1"></field>

            <field type="elementinfo" label="JDB_BLANK_LABEL" group="info"></field>
         </fieldset>
      </fields>
   </form>
</element>