<?xml version="1.0" encoding="UTF-8"?>
<element>
   <form>
      <fields>
         <fieldset name="general" label="JDB_GENERAL_TITLE"></fieldset>
         <!-- Design Options -->
         <fieldset name="design" ordering="9" label="JDB_DESIGN_TITLE">
            <field type="group" ordering="2" name="width" label="JDB_WIDTH"></field>
            <field type="group" ordering="9" name="position" label="JDB_POSITION"></field>

            <field type="list" name="elementWidth" label="JDB_BLANK_LABEL" default="" search="false" group="width">
               <option value="">JDB_FULLWIDTH_LABEL</option>
               <option value="natural">JDB_INLINE_NATURAL_LABEL</option>
               <option value="resize">JDB_INLINE_RESIZE_LABEL</option>
               <option value="custom">JDB_CUSTOM</option>
            </field>

            <field type="slider" name="elementWidthValue" label="JDB_CUSTOM_WIDTH" default='{"value":50,"unit":"%"}' max="1600" min="0" units="px,%,em" showon="params.elementWidth=='custom'" group="width" responsive="true">
            </field>
            <field type="list" name="elementPosition" label="JDB_BLANK_LABEL" default="" search="false" group="position">
               <option value="">JDB_DEFAULT</option>
               <option value="relative">JDB_POSITION_RELATIVE</option>
               <option value="absolute">JDB_POSITION_ABSOLUTE</option>
               <option value="fixed">JDB_POSITION_FIXED</option>
            </field>
            <field type="spacer" showon="params.elementPosition!=''" label="JDB_POSITION_HORIZONTAL" group="position">
            </field>
            <field type="radio" name="elementPositionHorizontal" label="JDB_BLANK_LABEL" default="left" group="position" radiotype="buttons" showon="params.elementPosition!=''">
               <option value="left" svg="media/jdbuilder/images/icons/to-left.svg">JDB_LEFT</option>
               <option value="right" svg="media/jdbuilder/images/icons/to-right.svg">JDB_RIGHT</option>
            </field>

            <field type="slider" name="elementPositionHOffset" label="JDB_OFFSET" default='{"value":0,"unit":"px"}' max="1000" min="-1000" units="px,%,em" showon="params.elementPosition!=''" group="position" responsive="true"></field>

            <field type="spacer" showon="params.elementPosition!=''" label="JDB_POSITION_VERTICAL" group="position">
            </field>
            <field type="radio" name="elementPositionVertical" label="JDB_BLANK_LABEL" default="top" group="position" radiotype="buttons" showon="params.elementPosition!=''">
               <option value="top" svg="media/jdbuilder/images/icons/to-top.svg">JDB_TOP</option>
               <option value="bottom" svg="media/jdbuilder/images/icons/to-bottom.svg">JDB_BOTTOM</option>
            </field>
            <field type="slider" name="elementPositionVOffset" label="JDB_OFFSET" default='{"value":0,"unit":"px"}' max="1000" min="-1000" units="px,%,em" showon="params.elementPosition!=''" group="position" responsive="true"></field>
         </fieldset>
         <!--  Advanced Options -->
         <fieldset name="advanced" ordering="10" label="JDB_ADVANCED_TITLE">
            <field type="text" name="adminLabel" label="JDB_FIELD_ADMIN_LABEL" group="info">
            </field>
         </fieldset>
      </fields>
   </form>
</element>